Day,Mbera sim,Mbera data,Mbera error,Mentao sim,Mentao data,Mentao error,Bobo-Dioulasso sim,Bobo-Dioulasso data,Bobo-Dioulasso error,Abala sim,Abala data,Abala error,Mangaize sim,Mangaize data,Mangaize error,Niamey sim,Niamey data,Niamey error,Tabareybarey sim,Tabareybarey data,Tabareybarey error,Total error,refugees in camps (UNHCR),total refugees (simulation),raw UNHCR refugee count,retrofitted time,refugees in camps (simulation),refugee_debt,Total error (retrofitted)
0,1446,0.0,0.0,0,0.0,0.0,0,0.0,0.0,698,698.623001131,0.000891755824909,875,875.309917355,0.000354065856249,0,0.0,0.0,0,0.0,0.0,0.07472669103372645,1573,19363,19363,1.8064918851435705,3019,0,0.0014460569126684914
1,2793,808,2.45668316832,0,0,0.0,0,0,0.0,698,691,0.0101302460203,875,874,0.00114416475973,0,0,0.0,0,0,0.0,0.10297612896558851,2373,19363,19354,3.4875,4366,9,0.002738451999586649
2,3949,1616,1.44368811881,0,0,0.0,0,0,0.0,698,684,0.0204678362573,875,874,0.00114416475973,0,0,0.0,0,0,0.0,0.12136248513981496,3174,19363,19347,4.931335830212235,5522,16,0.0038248824107096706
3,5013,2425,1.06721649485,0,0,0.0,0,0,0.0,698,677,0.0310192023634,875,874,0.00114416475973,0,0,0.0,0,0,0.0,0.13494648673801768,3976,19363,19341,6.260923845193508,6586,22,0.004911845302724782
4,5989,3233,0.852459016393,0,0,0.0,0,0,0.0,698,670,0.0417910447761,875,873,0.00229095074456,0,0,0.0,0,0,0.0,0.1441133871301469,4776,19363,19332,7.458233890214797,7562,31,0.005793503000206911
5,6942,4041,0.717891610987,0,0,0.0,0,0,0.0,698,663,0.052790346908,875,873,0.00229095074456,0,0,0.0,0,0,0.0,0.15203104786545926,5577,19363,19325,8.59688995215311,8515,38,0.006727037516170763
6,7825,4850,0.613402061856,0,0,0.0,0,0,0.0,698,655,0.0656488549618,875,872,0.00344036697248,0,0,0.0,0,0,0.0,0.15639074390433297,6377,19363,19317,9.651551312649165,9398,46,0.0075063415644251175
7,8629,5658,0.525097207494,0,0,0.0,0,0,0.0,698,648,0.0771604938272,875,872,0.00344036697248,0,0,0.0,0,0,0.0,0.15660279647850855,7178,19363,19310,10.61244019138756,10202,53,0.008285862247540134
8,9333,6503,0.435183761341,0,0,0.0,0,0,0.0,698,641,0.0889235569423,875,872,0.00344036697248,0,0,0.0,0,0,0.0,0.15101635575064012,8016,19363,19137,11.45346062052506,10906,226,0.00898782463291007
9,10038,7347,0.366271947734,0,0,0.0,0,0,0.0,698,634,0.10094637224,875,871,0.00459242250287,0,0,0.0,0,0,0.0,0.14550152937453856,8852,19363,18962,12.29510155316607,11611,401,0.009703617761839468
10,10631,8192,0.297729492188,0,0,0.0,0,0,0.0,698,627,0.113237639553,875,871,0.00459242250287,0,0,0.0,0,0,0.0,0.13380169247964235,9690,19363,18789,13.00358422939068,12204,574,0.010325190270903188
11,11209,9036,0.240482514387,0,0,0.0,0,0,0.0,698,620,0.125806451613,875,870,0.00574712643678,0,0,0.0,0,0,0.0,0.1211990974535296,10526,19363,18614,13.694145758661888,12782,749,0.01106693886322123
12,11738,9881,0.18793644368,0,0,0.0,0,0,0.0,698,613,0.138662316476,875,870,0.00574712643678,0,0,0.0,0,0,0.0,0.10557995770294452,11364,19363,18441,14.32616487455197,13311,922,0.011658803752508
13,12183,10725,0.135944055944,0,0,0.0,0,0,0.0,698,606,0.151815181518,875,870,0.00574712643678,0,0,0.0,0,0,0.0,0.08512618382876225,12201,19363,18267,14.857825567502987,13756,1096,0.01220780642689002
14,12634,11570,0.0919619706137,0,0,0.0,0,0,0.0,698,599,0.165275459098,875,869,0.00690448791715,0,0,0.0,0,0,0.0,0.06461062289283148,13038,19363,18093,15.397129186602871,14207,1270,0.012767368595589454
15,13103,12415,0.0554168344744,0,0,0.0,0,0,0.0,698,591,0.181049069374,875,869,0.00690448791715,0,0,0.0,0,0,0.0,0.04470115519839277,13875,19363,17919,15.958133971291867,14676,1444,0.013449411239466488
16,13476,13259,0.016366241798,0,0,0.0,0,0,0.0,698,584,0.195205479452,875,868,0.00806451612903,0,0,0.0,0,0,0.0,0.01904869251577998,14711,19363,17744,16.403341288782816,15049,1619,0.013976555455365193
17,13815,14104,0.0204906409529,0,0,0.0,0,0,0.0,698,577,0.209705372617,875,868,0.00806451612903,0,0,0.0,0,0,0.0,0.023732286153320813,15549,19363,17571,16.807875894988065,15388,1792,0.014341813214956462
18,14130,14948,0.0547230398716,0,0,0.0,0,0,0.0,698,570,0.224561403509,875,867,0.00922722029988,0,0,0.0,0,0,0.0,0.05484019314785008,16385,19363,17396,17.18421052631579,15703,1967,0.014830995631179582
19,17776,15793,0.125561957829,0,0,0.0,0,0,0.0,698,563,0.239786856128,875,867,0.00922722029988,0,0,0.0,0,0,0.0,0.12343958659931487,17223,19363,17223,21.23167606355715,19349,2140,0.02990187539917552
20,17766,16637,0.0678607922101,0,0,0.0,0,0,0.0,698,556,0.255395683453,875,867,0.00922722029988,0,0,0.0,0,0,0.0,0.07081949058693245,18060,19363,18060,21.226550486929778,19339,1303,0.027906976744186046
21,17774,17482,0.0167028944057,0,0,0.0,0,0,0.0,698,549,0.271402550091,875,866,0.0103926096998,0,0,0.0,0,0,0.0,0.02381330369899984,18897,19363,18897,21.230650948231677,19347,466,0.027200084669524262
22,17766,18326,0.0305576776165,0,798,1.0,0,316,1.0,698,542,0.287822878229,875,866,0.0103926096998,0,0,0.0,0,0,0.0,0.0882099002302379,20848,20848,20848,21.226550486929778,19339,0,0.02417498081350729
23,17769,19171,0.0731312920557,0,1596,1.0,9,633,0.985781990521,698,534,0.307116104869,875,865,0.0115606936416,0,0,0.0,0,0,0.0,0.16649853063730866,22799,22799,22799,21.232701178882625,19351,0,0.021930786438001667
24,17797,20016,0.110861310951,13,2394,0.994569757728,22,950,0.976842105263,698,527,0.324478178368,875,865,0.0115606936416,0,0,0.0,0,0,0.0,0.2306480284421461,24752,24752,24752,21.260379292670425,19405,0,0.02056399482870071
25,17814,20860,0.146021093001,37,2394,0.984544695071,40,953,0.958027282267,698,520,0.342307692308,875,865,0.0115606936416,0,0,0.0,0,0,0.0,0.2541419193497968,25592,25592,25592,21.29062019477191,19464,0,0.01926383244763989
26,17836,21705,0.178253858558,64,2394,0.973266499582,54,956,0.943514644351,698,513,0.360623781676,875,864,0.0127314814815,0,0,0.0,0,0,0.0,0.27606688861985473,26432,26432,26432,21.322911327524345,19527,0,0.018273305084745763
27,17869,22549,0.207548006563,101,2394,0.957811194653,70,959,0.92700729927,698,506,0.379446640316,875,864,0.0127314814815,0,0,0.0,0,0,0.0,0.29572455265473746,27272,27272,27272,21.366991286519735,19613,0,0.017417131123496625
28,17892,23394,0.235188509874,136,2394,0.943191311612,86,962,0.910602910603,698,499,0.39879759519,875,863,0.0139049826188,0,0,0.0,0,0,0.0,0.3147054638588503,28112,28112,28112,21.404920553562278,19687,0,0.016291974957313604
29,17921,23536,0.238570700204,197,2394,0.917710944027,102,965,0.894300518135,698,492,0.418699186992,875,863,0.0139049826188,0,0,0.0,0,0,0.0,0.31479646017699114,28250,28250,28250,21.459251665812403,19793,0,0.01504424778761062
30,17952,23678,0.241827857083,244,2394,0.898078529657,113,968,0.88326446281,698,485,0.439175257732,875,863,0.0139049826188,0,0,0.0,0,0,0.0,0.3154854163731154,28388,28388,28388,21.504869297796002,19882,0,0.014477948428913626
31,17977,23820,0.24529806885,289,2394,0.879281537176,134,971,0.861997940268,698,478,0.460251046025,875,862,0.0150812064965,0,0,0.0,0,0,0.0,0.31614373356704645,28525,28525,28525,21.551512045105074,19973,0,0.013391761612620508
32,18002,23963,0.248758502692,359,2394,0.850041771094,152,974,0.843942505133,795,579,0.373056994819,946,880,0.075,0,39,1.0,1048,19,54.1578947368,0.3524681087077094,28848,28848,28848,22.232701178882625,21302,0,0.0959165280088741
33,18036,24273,0.256952169077,427,2394,0.821637426901,169,977,0.827021494371,954,680,0.402941176471,1036,898,0.153674832962,0,78,1.0,1442,38,36.9473684211,0.37173631467721047,29338,29338,29338,22.62327011788826,22064,0,0.13835298929715728
34,18056,24583,0.265508684864,492,2394,0.794486215539,181,980,0.815306122449,1009,782,0.290281329923,1063,916,0.160480349345,0,117,1.0,1916,58,32.0344827586,0.38809922896413007,29830,29830,29830,22.95797027165556,22717,0,0.17355011733154543
35,18073,24893,0.27397260274,561,2394,0.765664160401,205,983,0.791454730417,1086,883,0.229898074745,1115,934,0.193790149893,3,156,0.980769230769,2193,77,27.4805194805,0.39854881266490766,30320,30320,30320,23.223758320532514,23236,0,0.19785620052770447
36,18100,25203,0.281831527993,621,2394,0.740601503759,226,986,0.770791075051,1146,984,0.164634146341,1146,952,0.203781512605,6,195,0.969230769231,2538,96,25.4375,0.40970464135021095,30810,30810,30810,23.50384024577573,23783,0,0.22330412203829925
37,18134,25513,0.289225100929,680,2394,0.715956558062,241,989,0.756319514661,1218,1086,0.121546961326,1181,971,0.216271884655,6,235,0.974468085106,2771,116,22.8879310345,0.4174226935854843,31304,31304,31304,23.733230926779314,24231,0,0.24159851776130845
38,18160,25823,0.296750958448,739,2394,0.691311612364,264,992,0.733870967742,1268,1187,0.0682392586352,1207,989,0.220424671385,6,274,0.978102189781,3076,135,21.7851851852,0.42630685034912247,31794,31794,31794,23.983614951356888,24720,0,0.26196766685538153
39,18185,26133,0.304136532354,799,2394,0.666248955723,286,995,0.71256281407,1309,1288,0.0163043478261,1232,1007,0.223435948361,8,313,0.974440894569,3356,155,20.6516129032,0.4337618088895772,32285,32285,32285,24.50357142857143,25175,0,0.27975840173455163
40,18225,26443,0.310781681352,861,2463,0.650426309379,311,997,0.688064192578,1342,1390,0.0345323741007,1265,1025,0.234146341463,8,352,0.977272727273,3619,174,19.7988505747,0.4440080379978078,32844,32844,32844,25.04642857142857,25631,0,0.29527463159176714
41,18266,26753,0.31723545023,916,2533,0.638373470193,344,1000,0.656,1396,1491,0.0637156270959,1291,1043,0.237775647172,13,391,0.966751918159,3907,193,19.2435233161,0.45488564243803137,33404,33404,33404,25.64404761904762,26133,0,0.31292659561729136
42,18297,27063,0.323910874626,985,2602,0.621445042275,376,1003,0.625124626122,1445,1592,0.0923366834171,1322,1061,0.245994344958,13,431,0.969837587007,4187,213,18.6572769953,0.46547916973354925,33965,33965,33965,26.229761904761904,26625,0,0.3292506992492271
43,18333,27373,0.330252438534,1061,2671,0.602770497941,408,1005,0.594029850746,1506,1694,0.110979929162,1362,1079,0.262279888786,15,470,0.968085106383,4458,232,18.2155172414,0.47500289653574324,34524,34524,34524,26.84642857142857,27143,0,0.345846367744178
44,18374,27683,0.336271357873,1141,2740,0.583576642336,438,1008,0.565476190476,1572,1795,0.124233983287,1394,1097,0.270738377393,17,509,0.966601178782,4721,251,17.8087649402,0.4834250206652795,35083,35083,35083,27.458333333333332,27657,0,0.3612575891457401
45,18403,27993,0.342585646412,1218,2810,0.566548042705,466,1011,0.539070227498,1620,1897,0.146020031629,1427,1115,0.279820627803,18,548,0.967153284672,4964,271,17.3173431734,0.49204657034647215,35645,35645,35645,28.028985507246375,28116,0,0.3740777107588722
46,18459,28303,0.347807652899,1289,2879,0.552275095519,503,1013,0.503455083909,1663,1998,0.167667667668,1454,1133,0.283318623124,22,587,0.962521294719,5191,290,16.9,0.49901941828025304,36203,36203,36203,31.173374613003094,28581,0,0.38449852222191533
47,18503,28546,0.351818118125,1359,2948,0.539009497965,533,1016,0.475393700787,1714,2099,0.183420676513,1475,1151,0.281494352737,26,627,0.958532695375,5434,310,16.5290322581,0.5054636618797177,36697,36697,36697,32.4,29044,0,0.38638035806741694
48,18541,28788,0.355946922329,1426,3017,0.527345044746,568,1019,0.44259077527,1771,2201,0.195365742844,1496,1169,0.279726261762,29,666,0.956456456456,5689,329,16.2917933131,0.5120600177471833,37189,37189,37189,33.36991869918699,29520,0,0.3919169646938611
49,18589,29031,0.359684475216,1486,3086,0.51847051199,611,1022,0.402152641879,1819,2302,0.209817549957,1527,1187,0.286436394271,32,705,0.954609929078,5926,348,16.0287356322,0.5182187309254,37681,37681,37681,34.326530612244895,29990,0,0.3965128314004405
50,18619,29274,0.363974858236,1553,3156,0.507921419518,635,1024,0.3798828125,1867,2403,0.223054515189,1552,1205,0.287966804979,36,744,0.951612903226,6170,368,15.7663043478,0.5249646356158642,38174,38174,38174,35.22857142857143,30432,0,0.4014774453816734
51,18687,29517,0.366907206017,1619,3225,0.497984496124,667,1027,0.350535540409,1910,2505,0.2375249501,1578,1223,0.290269828291,42,783,0.946360153257,6415,387,15.5762273902,0.5305557710709391,38667,38667,38667,36.21862348178138,30918,0,0.4054878837251403
52,18741,29760,0.370262096774,1676,3294,0.491196114147,697,1030,0.323300970874,1953,2606,0.250575594781,1604,1241,0.292506043513,42,823,0.948967193196,6644,406,15.3645320197,0.5363891726251276,39160,39160,39160,37.108163265306125,31357,0,0.409244126659857
53,18795,30002,0.373541763882,1754,3363,0.47844186738,736,1032,0.286821705426,2002,2707,0.260435906908,1638,1259,0.301032565528,43,862,0.950116009281,6879,426,15.1478873239,0.5414239237345843,39651,39651,39651,38.10794297352342,31847,0,0.4132304355501753
54,18850,30245,0.376756488676,1813,3432,0.471736596737,764,1035,0.261835748792,2044,2809,0.272338910644,1666,1278,0.303599374022,45,901,0.950055493896,7102,445,14.9595505618,0.5467928758251339,40145,40145,40145,38.9979633401222,32284,0,0.4165898617511521
55,18902,30488,0.380018367882,1876,3502,0.464306110794,784,1038,0.244701348748,2094,2910,0.280412371134,1692,1296,0.305555555556,50,940,0.946808510638,7347,465,14.8,0.5524250104579345,40639,40639,40639,39.82289803220036,32745,0,0.421713132705037
56,18946,30731,0.383488985064,1949,3571,0.454214505741,820,1041,0.212295869356,2140,3011,0.289272666888,1722,1314,0.310502283105,57,979,0.9417773238,7583,484,14.6673553719,0.5574384284359729,41131,41131,41131,40.66607142857143,33217,0,0.426150592010892
57,19003,30974,0.386485439401,2009,3640,0.448076923077,856,1043,0.17929050815,2182,3113,0.299068422743,1748,1332,0.312312312312,64,1019,0.937193326791,7840,503,14.5864811133,0.5628483567172785,41624,41624,41624,41.53119429590018,33702,0,0.4309052469729002
58,19050,31216,0.389736032804,2089,3709,0.436775411162,885,1046,0.153919694073,2235,3214,0.304604853765,1772,1350,0.312592592593,70,1058,0.933837429112,8056,523,14.4034416826,0.5667442302212936,42116,42116,42116,42.34347048300537,34157,0,0.43449045493399185
59,19109,31459,0.392574461998,2151,3778,0.430651138168,916,1049,0.126787416587,2290,3315,0.309200603318,1810,1368,0.323099415205,73,1097,0.933454876937,8250,542,14.221402214,0.5705266616597822,42608,42608,42608,43.13416815742397,34599,0,0.43778163725122043
60,19160,31702,0.395621727336,2227,3848,0.421257796258,938,1051,0.107516650809,2331,3417,0.317822651449,1834,1386,0.323232323232,80,1136,0.929577464789,8490,561,14.1336898396,0.5752766757151806,43101,43101,43101,43.95885509838998,35060,0,0.4416138836685924
61,19214,31945,0.39852872124,2310,3917,0.410262956344,970,1054,0.0796963946869,2374,3518,0.32518476407,1854,1404,0.320512820513,84,1175,0.928510638298,8699,581,13.9724612737,0.5786346744964903,43594,43594,43594,44.7508896797153,35505,0,0.44405193375235125
62,19264,32188,0.401516092954,2373,3986,0.404666332163,1008,1057,0.046357615894,2423,3562,0.319764177428,1878,1414,0.328147100424,86,1215,0.929218106996,8895,600,13.825,0.5818227250011357,44022,44022,44022,45.505376344086024,35927,0,0.4471854981600109
63,19317,32430,0.404347826087,2428,4055,0.401233045623,1040,1059,0.0179414542021,2469,3605,0.315117891817,1906,1423,0.339423752635,92,1254,0.92663476874,9115,620,13.7016129032,0.5857669981550646,44446,44446,44446,46.33198380566802,36367,0,0.4521441749538766
64,19359,32673,0.407492424938,2505,4124,0.392580019399,1085,1062,0.0216572504708,2524,3649,0.308303644834,1929,1433,0.346127006281,95,1293,0.92652745553,9300,639,13.5539906103,0.5891293205268201,44873,44873,44873,47.203252032520325,36797,0,0.45608717937289683
65,19419,32748,0.407017222426,2570,4194,0.387219837864,1112,1065,0.0441314553991,2572,3693,0.303547251557,1972,1442,0.367545076283,99,1332,0.925675675676,9291,658,13.1200607903,0.587543206593991,45132,45132,45132,47.6869918699187,37035,0,0.4552424000709031
66,19480,32822,0.406495643166,2632,4263,0.382594417077,1157,1068,0.0833333333333,2660,3736,0.28800856531,2021,1452,0.391873278237,104,1371,0.924142961342,9283,678,12.691740413,0.5855695087023574,45390,45390,45390,48.300813008130085,37337,0,0.4565102445472571
67,19520,32897,0.406632823662,2701,4332,0.376500461681,1200,1070,0.121495327103,2735,3780,0.276455026455,2072,1462,0.417236662107,109,1411,0.922749822821,9271,697,12.3012912482,0.5842187123485728,45649,45649,45649,48.85162601626016,37608,0,0.4574032289863962
68,19576,32971,0.406266112644,2755,4401,0.374005907748,1237,1073,0.15284249767,2817,3823,0.263144127648,2120,1471,0.44119646499,113,1450,0.922068965517,9263,716,11.937150838,0.5825944886177976,45905,45905,45905,49.40567951318459,37881,0,0.45835965581091387
69,19630,33046,0.405979543666,2825,4470,0.368008948546,1273,1076,0.183085501859,2884,3867,0.254202223946,2167,1481,0.463200540176,118,1489,0.920752182673,9255,736,11.5747282609,0.5808946171341925,46165,46165,46165,49.9553752535497,38152,0,0.4585725116430196
70,19689,33120,0.405525362319,2881,4540,0.365418502203,1306,1078,0.211502782931,2952,3910,0.245012787724,2222,1490,0.491275167785,127,1528,0.916884816754,9237,755,11.2344370861,0.5792852372848495,46421,46421,46421,50.4868154158215,38414,0,0.45871480579909957
71,19737,33195,0.405422503389,2949,4609,0.360164894771,1348,1081,0.246993524514,3020,3954,0.236216489631,2271,1500,0.514,133,1567,0.915124441608,9224,775,10.9019354839,0.5778153852745228,46681,46681,46681,51.030425963488845,38682,0,0.45913755060945566
72,19802,33269,0.404791247107,3021,4678,0.354211201368,1386,1084,0.278597785978,3107,3998,0.222861430715,2315,1510,0.533112582781,136,1607,0.915370255134,9213,794,10.6032745592,0.5754580315296123,46940,46940,46940,51.63488843813387,38980,0,0.45969322539412016
73,19854,33343,0.404552679723,3084,4747,0.350326522014,1414,1087,0.300827966881,3187,4041,0.21133382826,2362,1519,0.554970375247,139,1646,0.915552855407,9206,813,10.3234932349,0.5736926858208323,47196,47196,47196,52.175152749490834,39246,0,0.46022968048139673
74,19899,33418,0.404542462146,3141,4816,0.347799003322,1457,1089,0.337924701561,3271,4085,0.199265605875,2399,1529,0.568999345978,142,1685,0.915727002967,9203,833,10.0480192077,0.5723106100516279,47455,47455,47455,52.716904276985744,39512,0,0.46132125171214833
75,19944,33492,0.404514510928,3223,4886,0.340360212853,1495,1092,0.369047619048,3343,4128,0.190164728682,2438,1538,0.585175552666,148,1724,0.914153132251,9192,852,9.78873239437,0.5704015761234071,47712,47712,47712,53.26720647773279,39783,0,0.4613514419852448
76,20002,33567,0.404117138857,3276,4955,0.338849646821,1537,1095,0.403652968037,3398,4172,0.18552253116,2471,1548,0.596253229974,155,1763,0.912081678956,9392,871,9.78300803674,0.5735131642033728,47971,47971,47971,54.174089068825914,40231,0,0.4672197786162473
77,20036,33641,0.404417228977,3355,5024,0.332205414013,1569,1097,0.430264357338,3448,4216,0.182163187856,2490,1558,0.598202824134,164,1803,0.909040488075,9380,891,9.52749719416,0.5717188471905453,48230,48230,48230,54.60121457489878,40442,0,0.46589259796806964
78,20082,33716,0.404377743505,3419,5093,0.328686432358,1607,1100,0.460909090909,3510,4259,0.17586287861,2528,1567,0.613273771538,175,1842,0.904994571118,9370,910,9.2967032967,0.5702971930620578,48487,48487,48487,55.10569105691057,40691,0,0.4657537071792439
79,20130,33790,0.404261615863,3494,5163,0.323261669572,1636,1103,0.483227561197,3561,4303,0.172437834069,2553,1577,0.618896639188,179,1881,0.904837852206,9363,930,9.06774193548,0.5685478080702402,48747,48747,48747,55.5630081300813,40916,0,0.46466449217387734
80,20192,33865,0.403750184556,3558,5173,0.312197950899,1679,1105,0.519457013575,3630,4346,0.164749194662,2599,1586,0.638713745271,185,1920,0.903645833333,9352,949,8.85458377239,0.566545439686172,48944,48944,48944,56.129817444219064,41195,0,0.4655116050997058
81,20246,33939,0.403459147294,3614,5183,0.302720432182,1707,1108,0.540613718412,3688,4390,0.159908883827,2649,1596,0.65977443609,191,1959,0.902501276161,9342,968,8.65082644628,0.5648413812750545,49143,49143,49143,56.62068965517241,41437,0,0.4659463199234886
82,20299,34014,0.403216322691,3673,5194,0.292837889873,1738,1111,0.564356435644,3773,4434,0.149075327018,2690,1606,0.67496886675,195,1999,0.902451225613,9331,988,8.44433198381,0.5624569367324606,49346,49346,49346,57.15243902439025,41699,0,0.46779880841405586
83,20357,34088,0.402810373152,3745,5204,0.280361260569,1777,1114,0.595152603232,3841,4477,0.142059414787,2722,1615,0.685448916409,199,2038,0.902355250245,9324,1007,8.2591857001,0.5601598611307349,49543,49543,49543,57.69308943089431,41965,0,0.4695718870476152
84,20419,34163,0.402306589,3808,5214,0.269658611431,1811,1116,0.622759856631,3903,4521,0.136695421367,2759,1625,0.697846153846,207,2077,0.900337024555,9311,1026,8.07504873294,0.5579188613244341,49742,49742,49742,58.207317073170735,42218,0,0.4706887539704877
85,20470,34237,0.402108829629,3868,5225,0.25971291866,1835,1119,0.639857015192,3966,4564,0.131025416301,2806,1634,0.717258261934,211,2116,0.900283553875,9304,1046,7.8948374761,0.5561162171362207,49941,49941,49941,58.69918699186992,42460,0,0.4721571454316093
86,20529,34312,0.40169619958,3925,5235,0.250238777459,1865,1122,0.662210338681,4022,4608,0.127170138889,2846,1644,0.731143552311,218,2155,0.898839907193,9296,1065,7.72863849765,0.55427693903193,50141,50141,50141,59.18864097363083,42701,0,0.47314572904409563
87,20564,34386,0.401965916361,3982,5245,0.240800762631,1887,1124,0.678825622776,4086,4651,0.121479251774,2896,1654,0.750906892382,224,2195,0.897949886105,9282,1085,7.55483870968,0.5527016289233214,50340,50340,50340,59.63488843813387,42921,0,0.47467222884386173
88,20622,34460,0.401567034243,4041,5256,0.231164383562,1926,1127,0.708961845608,4143,4695,0.117571884984,2932,1663,0.763078773301,227,2234,0.898388540734,9276,1104,7.40217391304,0.5510991511505966,50539,50539,50539,60.13387423935091,43167,0,0.47594926690278794
89,20676,34535,0.401303025916,4098,5266,0.221800227877,1957,1130,0.73185840708,4207,4739,0.112259970458,2971,1673,0.775851763299,232,2273,0.89793224813,9269,1123,7.25378450579,0.549301326395869,50739,50739,50739,60.62677484787018,43410,0,0.4772265909852382
90,20746,34609,0.400560547834,4160,5276,0.211523881729,1955,1133,0.725507502207,4282,4782,0.104558762024,3006,1682,0.787158145065,236,2312,0.897923875433,9262,1143,7.10323709536,0.5461648703300155,50937,50937,50937,61.123831775700936,43647,0,0.4779826059642303
91,20798,34684,0.400357513551,4225,5287,0.200870058634,1954,1135,0.721585903084,4336,4826,0.101533360961,3048,1692,0.801418439716,246,2351,0.895363675032,9248,1162,6.9586919105,0.5437159004243503,51137,51137,51137,61.60981308411215,43855,0,0.4790269276649002
92,20843,34758,0.400339490189,4288,5297,0.190485180291,1954,1138,0.71704745167,4396,4869,0.0971452043541,3089,1702,0.814923619271,252,2391,0.89460476788,9240,1181,6.82387806943,0.5414913510986442,51336,51336,51336,62.094339622641506,44062,0,0.4805399719495091
93,20898,34833,0.400051675136,4351,5307,0.180139438477,1953,1141,0.711656441718,4445,4913,0.0952574801547,3130,1711,0.829339567504,256,2430,0.894650205761,9232,1201,6.68692756037,0.5393317292766222,51536,51536,51536,62.573113207547166,44265,0,0.4816050915864638
94,20961,34907,0.399518721173,4416,5318,0.169612636329,1951,1143,0.706911636045,4508,4957,0.0905789792213,3149,1721,0.829750145264,261,2469,0.894289185905,9224,1220,6.5606557377,0.5362907122837537,51735,51735,51735,63.05620608899297,44470,0,0.4823427080313134
95,21002,34982,0.399634097536,4487,5328,0.157845345345,1948,1146,0.69982547993,4557,5000,0.0886,3194,1731,0.845176198729,266,2508,0.893939393939,9216,1240,6.43225806452,0.5342639838259363,51935,51935,51935,63.52459016393443,44670,0,0.48381630884759796
96,21052,35154,0.401149229106,4570,5338,0.143874110154,1946,1149,0.69364664926,4624,5044,0.0832672482157,3236,1740,0.859770114943,270,2547,0.893992932862,9201,1259,6.30818109611,0.5322892535084528,52231,52231,52231,64.1003861003861,44899,0,0.4846164155386648
97,21094,35325,0.402859164897,4630,5349,0.134417648159,1943,1151,0.68809730669,4688,5087,0.0784352270493,3264,1750,0.865142857143,273,2587,0.894472361809,9387,1278,6.34507042254,0.5345441392045995,52527,52527,52527,65.56976744186046,45279,0,0.48654977440173625
98,21158,35497,0.403949629546,4693,5359,0.124276917335,1940,1154,0.681109185442,4736,5131,0.0769830442409,3298,1759,0.874928936896,278,2626,0.894135567403,9373,1298,6.22110939908,0.5328638497652582,52824,52824,52824,66.33204633204633,45476,0,0.4844578222020294
99,21205,35669,0.405506181839,4766,5369,0.112311417396,1936,1157,0.673292999136,4822,5175,0.0682125603865,3336,1769,0.885811192764,286,2665,0.892682926829,9364,1317,6.11009870919,0.5307129007360554,53121,53121,53121,67.2578125,45715,0,0.4836505336872423
100,21260,35841,0.406824586368,4825,5380,0.103159851301,1934,1160,0.66724137931,4894,5218,0.0620927558452,3373,1779,0.896008993817,290,2704,0.89275147929,9355,1336,6.00224550898,0.5290538769703096,53418,53418,53418,68.1,45931,0,0.4823280542139354
101,21317,36013,0.408074861855,4892,5390,0.0923933209647,1933,1162,0.663511187608,4958,5262,0.0577727099962,3418,1788,0.91163310962,292,2743,0.893547211083,9344,1356,5.89085545723,0.5275719551699743,53714,53714,53714,68.95769230769231,46154,0,0.4810850057713073
102,21359,36185,0.409727787757,4960,5400,0.0814814814815,1929,1165,0.655793991416,5029,5305,0.0520263901979,3455,1798,0.921579532814,297,2783,0.893280632411,9333,1375,5.78763636364,0.5259484179148692,54011,54011,54011,69.76953125,46362,0,0.480105904352817
103,21427,36357,0.410649943615,5042,5411,0.0681944187766,1927,1168,0.649828767123,5127,5349,0.0415030846887,3508,1807,0.941339236303,302,2822,0.892983699504,9321,1395,5.68172043011,0.5234307389198843,54309,54309,54309,70.89615384615385,46654,0,0.4795153657773113
104,21480,36529,0.411974048017,5107,5421,0.0579228924553,1954,1170,0.670085470085,5187,5393,0.038197663638,3561,1817,0.959823885526,306,2861,0.893044390073,9312,1414,5.585572843,0.5228458932332204,54605,54605,54605,71.87258687258688,46907,0,0.47896712755242193
105,21536,36701,0.413203999891,5178,5431,0.0465844227582,1951,1173,0.663256606991,5272,5436,0.0301692420898,3599,1827,0.969896004379,308,2900,0.893793103448,9300,1433,5.48988136776,0.5207737563978798,54901,54901,54901,72.796875,47144,0,0.478042294311579
106,21596,36873,0.414313996691,5254,5442,0.034546122749,1943,1176,0.652210884354,5374,5480,0.0193430656934,3656,1836,0.99128540305,312,2939,0.893841442668,9291,1453,5.39435650379,0.5185420025725104,55199,55199,55199,73.88803088803088,47426,0,0.47763546441058713
107,21643,37045,0.415764610609,5328,5452,0.0227439471753,1939,1179,0.644614079729,5434,5523,0.0161144305631,3685,1846,0.996208017335,315,2979,0.894259818731,9287,1472,5.30910326087,0.5170282542885973,55496,55496,55496,74.68482490272373,47631,0,0.4765208303301139
108,21698,37216,0.416971195185,5396,5462,0.0120834859026,1935,1181,0.638441998307,5507,5567,0.0107777977367,3731,1855,1.01132075472,329,3018,0.89098740888,9276,1491,5.22132796781,0.5152894784011471,55790,55790,55790,75.61776061776062,47872,0,0.47533608173507796
109,21755,37388,0.418128811383,5459,5473,0.0025580120592,1933,1184,0.632601351351,5596,5610,0.00249554367201,3776,1865,1.02466487936,332,3057,0.891396794243,9272,1511,5.13633355394,0.513603622878334,56088,56088,56088,76.58687258687259,48123,0,0.47459349593495936
110,21802,37560,0.419542066028,5556,5483,0.0133138792632,1931,1187,0.626790227464,5696,5654,0.00742836929607,3832,1875,1.04373333333,335,3096,0.891795865633,9267,1530,5.0568627451,0.5155981200673938,56385,56385,56385,77.73540856031128,48419,0,0.4749490112618604
111,21852,37732,0.420862928019,5630,5493,0.0249408337885,1931,1189,0.624053826745,5787,5698,0.0156195156195,3889,1884,1.06422505308,341,3135,0.891228070175,9258,1550,4.97290322581,0.517898413930594,56681,56681,56681,78.77307692307693,48688,0,0.4746740530336444
112,21901,37904,0.422198184888,5691,5504,0.0339752906977,1927,1192,0.616610738255,5870,5741,0.0224699529699,3933,1894,1.07655755016,349,3175,0.890078740157,9249,1569,4.8948374761,0.5194720862071991,56979,56979,56979,79.87817258883248,48920,0,0.4745783534284561
113,21950,38076,0.423521378296,5756,5514,0.0438882843671,1963,1195,0.642677824268,5954,5785,0.0292134831461,3972,1903,1.08723068839,354,3214,0.889856876167,9240,1588,4.81863979849,0.5217983413356613,57275,57275,57275,81.22660098522168,49189,0,0.47558271497162813
114,21992,38248,0.425015687095,5840,5524,0.0572049239681,1961,1197,0.638262322473,6027,5828,0.0341455044612,4022,1913,1.10245687402,362,3253,0.888718106363,9229,1608,4.7394278607,0.5238053881294402,57571,57571,57571,82.44162436548223,49433,0,0.476264091295965
115,22057,38420,0.425897969807,5911,5535,0.0679313459801,1959,1200,0.6325,6118,5872,0.04189373297,4076,1923,1.11960478419,367,3292,0.888517618469,9221,1627,4.66748617087,0.5256009262299332,57869,57869,57869,83.83417085427136,49709,0,0.47681833105807947
116,22103,38592,0.427264718076,5991,5545,0.0804328223625,1957,1203,0.62676641729,6210,5916,0.0496957403651,4140,1932,1.14285714286,375,3331,0.887421194836,9212,1646,4.59659781288,0.5280323218430327,58165,58165,58165,85.235,49988,0,0.47800223502106076
117,22171,39026,0.431891559473,6061,5555,0.0910891089109,1954,1206,0.620232172471,6302,5959,0.0575599932875,4188,1942,1.15653964985,378,3371,0.88786710175,9205,1666,4.52521008403,0.5318007662835249,58725,58725,58725,86.5929648241206,50259,0,0.47630481055768414
118,22214,39460,0.437050177395,6130,5566,0.101329500539,1949,1208,0.613410596026,6376,6003,0.0621355988672,4245,1951,1.17580727832,387,3410,0.88651026393,9192,1685,4.45519287834,0.5355329521110606,59283,59283,59283,87.76884422110552,50493,0,0.47458799318523015
119,22257,39894,0.442096555873,6225,5576,0.116391678623,1947,1211,0.607762180017,6464,6046,0.0691366192524,4284,1961,1.18459969403,393,3449,0.886053928675,9497,1705,4.57008797654,0.5449517061595535,59842,59842,59842,90.65,51067,0,0.47944587413522277
120,22326,40329,0.446403332589,6315,5586,0.130504833512,1946,1214,0.602965403624,6543,6090,0.0743842364532,4333,1971,1.19837645865,402,3488,0.884747706422,9488,1724,4.50348027842,0.5484752160524486,60402,60402,60402,92.085,51353,0,0.47781530412900236
121,22379,40763,0.450997227878,6386,5597,0.140968375916,1944,1216,0.598684210526,6665,6134,0.0865666775351,4414,1980,1.22929292929,408,3527,0.884320952651,9481,1743,4.43947217441,0.5531988188976378,60960,60960,60960,93.70854271356784,51677,0,0.47759186351706034
122,22434,41197,0.455445784887,6483,5607,0.156233279829,1941,1219,0.59228876128,6818,6177,0.103772057633,4408,1990,1.21507537688,419,3567,0.882534342585,9471,1763,4.37209302326,0.5571521456436931,61520,61520,61520,95.13175675675676,51974,0,0.4767555266579974
123,22499,41632,0.459574365872,6561,5617,0.168061242656,1938,1222,0.585924713584,7004,6248,0.12099871959,4405,2012,1.1893638171,425,3797,0.888069528575,9457,1763,4.36415201361,0.5620073525870511,62291,62291,62291,96.19594594594595,52289,0,0.475783018413575
124,22553,42066,0.46386630533,6658,5628,0.183013503909,1936,1225,0.580408163265,7204,6318,0.140234251345,4399,2033,1.16379734383,436,4027,0.891730816985,9453,1763,4.36188315372,0.5675071360608944,63060,63060,63060,97.37710437710437,52639,0,0.47581668252457976
125,22616,42500,0.467858823529,6745,5638,0.196346222065,1936,1227,0.577832110839,7415,6389,0.160588511504,4396,2055,1.13917274939,449,4257,0.894526661969,9442,1764,4.35260770975,0.5726617577941406,63830,63830,63830,98.58922558922559,52999,0,0.4757167476108413
126,22688,42934,0.471561000606,6841,5648,0.211225212465,1936,1230,0.573983739837,7639,6460,0.182507739938,4390,2077,1.11362542128,465,4487,0.896367283263,9428,1764,4.34467120181,0.5777554179566563,64600,64600,64600,99.89562289562289,53387,0,0.47586687306501546
127,22734,43369,0.475800687127,6925,5659,0.22371443718,1934,1233,0.568532035685,7901,6530,0.209954058193,4385,2099,1.08909004288,473,4717,0.899724401102,9421,1765,4.33767705382,0.5837208590833997,65372,65372,65372,101.1986531986532,53773,0,0.4769932081013278
128,22808,43803,0.479305070429,7026,5669,0.239372023285,1932,1235,0.564372469636,8147,6601,0.234206938343,4381,2121,1.06553512494,482,4947,0.902567212452,9415,1765,4.3342776204,0.5891958089535991,66141,66141,66141,102.60402684563758,54191,0,0.4779183864773741
129,22885,44237,0.482672875647,7133,5679,0.256030991372,1930,1238,0.558966074313,8425,6671,0.262929096088,4375,2142,1.04248366013,491,5177,0.905157427081,9405,1765,4.32861189802,0.5950021671225096,66909,66909,66909,104.13175675675676,54644,0,0.47951695586542914
130,22959,44671,0.486042398872,7225,5690,0.269771528998,1926,1241,0.551974214343,8683,6742,0.287896766538,4371,2164,1.01987060998,499,5407,0.907712224894,9398,1766,4.32163080408,0.6001684372275823,67681,67681,67681,105.53691275167785,55061,0,0.48035637771309525
131,23033,45106,0.489358400213,7306,5700,0.281754385965,1971,1243,0.585679806919,8953,6813,0.314105386761,4366,2186,0.99725526075,509,5637,0.909703743126,9388,1766,4.31596828992,0.6059370936874553,68451,68451,68451,107.10204081632654,55526,0,0.4821843362405224
132,23093,45540,0.492907334212,7442,5710,0.303327495622,1968,1246,0.579454253612,9245,6883,0.343164317885,4362,2208,0.975543478261,524,5867,0.91068689279,9376,1912,3.90376569038,0.6087132024334688,69366,69366,69366,108.73825503355705,56010,0,0.4836086843698642
133,23159,45974,0.496258754948,7566,5721,0.322496067121,1968,1249,0.575660528423,9525,6954,0.369715271786,4357,2230,0.953811659193,541,6097,0.911267836641,9364,2059,3.54783875668,0.6109214045871038,70284,70284,70284,110.32094594594595,56480,0,0.48443457970519604
134,23231,46408,0.499418203758,7661,5731,0.336764962485,1967,1252,0.571086261981,9737,7024,0.38624715262,4486,2251,0.992892047979,554,6327,0.912438754544,9357,2205,3.24353741497,0.6137110592994185,71198,71198,71198,112.04729729729729,56993,0,0.4860810696929689
135,23311,46843,0.502358943706,7809,5741,0.360215990246,1966,1254,0.567783094099,10046,7041,0.426785967902,4478,2273,0.970083589969,567,6327,0.910384068279,9352,2351,2.97788175245,0.6164972852568564,71830,71830,71830,113.85810810810811,57529,0,0.4898231936516776
136,23396,47277,0.505129344079,7924,5752,0.377607788595,1963,1257,0.561654733492,10308,7057,0.460677341647,4474,2295,0.949455337691,578,6327,0.908645487593,9344,2498,2.74059247398,0.6180257510729614,72463,72463,72463,115.39864864864865,57987,0,0.4919062142058706
137,23474,47711,0.507996059609,8051,5762,0.397257896564,1961,1260,0.556349206349,10625,7074,0.501979078315,4468,2317,0.928355632283,585,6327,0.907539118065,9336,2644,2.53101361573,0.6206033244407962,73095,73095,73095,116.59821428571429,58500,0,0.49653191052739587
138,23561,47711,0.506172580747,8202,5772,0.420997920998,1959,1262,0.552297939778,10883,7090,0.534978843441,4463,2338,0.908896492729,604,6327,0.904536115062,9323,2790,2.34157706093,0.620152817574021,73290,73290,73290,117.48387096774194,58995,0,0.5037795060717697
139,23646,47711,0.504391020939,8339,5783,0.441985128826,1957,1265,0.547035573123,11127,7107,0.565639510342,4457,2360,0.888559322034,613,6327,0.903113639956,9320,2937,2.17330609465,0.619499251598857,73490,73490,73490,118.31484794275492,59459,0,0.5105592597632331
140,23700,47923,0.505456670075,8452,5793,0.459002244088,1954,1268,0.541009463722,11360,7123,0.594833637512,4452,2382,0.869017632242,626,6327,0.901058953691,9307,3083,2.01881284463,0.6197648141382157,73899,73899,73899,119.01607142857142,59851,0,0.514891947117011
141,23801,48135,0.505536511894,8584,5803,0.479234878511,1954,1271,0.537372147915,11551,7140,0.617787114846,4447,2404,0.849833610649,637,6327,0.899320373005,9303,3229,1.88107773304,0.6192520421483266,74309,74309,74309,119.77678571428571,60277,0,0.5187393182521632
142,23883,48347,0.506008645831,8708,5814,0.497764017888,1952,1273,0.533385703064,11777,7157,0.645521866704,4444,2430,0.828806584362,647,6327,0.897739845108,9291,3375,1.75288888889,0.6191801721022978,74723,74723,74723,120.53763440860214,60702,0,0.5230384219049021
143,23979,48558,0.506178178673,8851,5824,0.519745879121,1947,1276,0.525862068966,12009,7173,0.674194897532,4440,2456,0.807817589577,659,6327,0.895843211633,9281,3522,1.63515048268,0.619197189097104,75136,75136,75136,121.36785714285715,61166,0,0.527762989778535
144,24071,48770,0.506438384253,8979,5834,0.539081247857,1946,1279,0.521501172791,12230,7190,0.700973574409,4431,2483,0.784534836891,673,6327,0.893630472578,9273,3782,1.45187731359,0.6164541069186545,75665,75665,75665,122.1076523994812,61603,0,0.5310645608934117
145,24162,48982,0.506716753093,9110,5845,0.558597091531,1944,1281,0.51756440281,12419,7206,0.723424923675,4425,2509,0.763650856915,692,6327,0.890627469575,9261,4042,1.29119247897,0.6133321083578328,76192,76192,76192,122.63942931258106,62013,0,0.5337961990760185
146,24248,49194,0.507094361101,9262,5855,0.581895815542,1940,1284,0.510903426791,12634,7223,0.74913470857,4418,2535,0.742800788955,714,6327,0.887150308203,9248,4303,1.14919823379,0.6107975652037904,76721,76721,76721,123.22496749024707,62464,0,0.537427822890734
147,24331,49406,0.507529449864,9396,5865,0.602046035806,1938,1287,0.505827505828,12855,7239,0.775797762122,4413,2562,0.722482435597,727,6327,0.885095621938,9242,4563,1.02542187158,0.6084609509508214,77249,77249,77249,123.79453836150846,62902,0,0.5410684927960232
148,24416,49617,0.507910595159,9540,5876,0.623553437713,1935,1290,0.5,13064,7256,0.800441014333,4406,2588,0.702472952087,742,6327,0.882724830093,9232,4824,0.913764510779,0.6059425544498445,77778,77778,77778,124.35714285714286,63335,0,0.5444084445473013
149,24496,49829,0.508398723635,9662,5876,0.64431586113,1933,1290,0.498449612403,13283,7272,0.826595159516,4401,2614,0.683626625861,752,6327,0.881144302197,9224,4887,0.887456517291,0.6078750240092196,78095,78095,78095,124.8974025974026,63751,0,0.5490748447403803
150,24578,50041,0.508842748946,9785,5876,0.665248468346,1931,1290,0.496899224806,13479,7289,0.849224859377,4396,2641,0.664521014767,766,6327,0.878931563142,9216,4950,0.861818181818,0.6093937307113526,78414,78414,78414,125.41688311688311,64151,0,0.5532175376845971
151,24675,50253,0.508984538237,9901,5876,0.684989788972,1927,1290,0.493798449612,13668,7305,0.871047227926,4391,2667,0.6464191976,777,6327,0.877192982456,9210,5013,0.837223219629,0.6106108140376726,78731,78731,78731,125.93376623376624,64549,0,0.5569597744217653
152,24765,50253,0.507193600382,10023,5876,0.705752212389,1985,1291,0.537567776917,13835,7322,0.889511062551,4388,2693,0.629409580394,793,6327,0.874664137822,9198,5076,0.812056737589,0.6112915091707045,78838,78838,78838,126.50129533678756,64987,0,0.5631040868616657
153,24858,50253,0.505342964599,10141,5876,0.725833900613,1984,1291,0.536793183579,14026,7332,0.912984178942,4384,2953,0.4845919404,805,6327,0.872767504346,9190,5139,0.788285658688,0.6069267787447424,79171,79171,79171,127.02080624187256,65388,0,0.5667858180394336
154,24933,50253,0.503850516387,10130,5876,0.723961878829,1979,1291,0.532920216886,14139,7343,0.92550728585,4382,2945,0.487945670628,815,6327,0.87118697645,9526,5202,0.831218762015,0.6099549452907101,79237,79237,79237,127.69180754226268,65904,0,0.5754130015018236
155,25023,50253,0.502059578533,10117,5876,0.721749489449,1979,1292,0.53173374613,14223,7354,0.934049496872,4378,2937,0.49063670412,825,6327,0.869606448554,9518,5265,0.807787274454,0.6080777766569152,79304,79304,79304,127.89856957087126,66063,0,0.5758725915464542
156,25120,50597,0.503527877147,10108,5876,0.720217835262,1977,1292,0.530185758514,14360,7365,0.949762389681,4377,2929,0.494366678047,837,6327,0.867709815078,9512,5328,0.785285285285,0.6085631131294378,79714,79714,79714,128.1953125,66291,0,0.5751060039641719
157,25206,50941,0.505192281267,10099,5876,0.718686181076,1973,1292,0.527089783282,14492,7375,0.965016949153,4369,2920,0.496232876712,853,6327,0.865180970444,9505,5391,0.763123724726,0.6089837997054491,80122,80122,80122,128.46354166666666,66497,0,0.5740745363320936
158,25304,51286,0.506609991031,10094,5876,0.717835262083,1968,1293,0.522041763341,14636,7386,0.981586785811,4366,2912,0.499313186813,871,6327,0.862336020231,9494,5454,0.740740740741,0.6093699555467256,80534,80534,80534,128.77083333333334,66733,0,0.5733479027491494
159,25395,51541,0.507285462059,10082,5876,0.715793056501,1967,1293,0.521268368136,14771,7397,0.996890631337,4364,2904,0.502754820937,884,6327,0.860281333966,9489,5517,0.719956498097,0.6094242780285697,80855,80855,80855,129.05569948186528,66952,0,0.5731494650918311
160,25472,51797,0.50823406761,10066,5876,0.713070115725,1965,1293,0.519721577726,14932,7408,1.0156587473,4358,2916,0.49451303155,893,6327,0.858858858859,9477,5534,0.712504517528,0.6103436802996882,81151,81151,81151,129.32901554404145,67163,0,0.5734125272639894
161,25581,52053,0.50855858452,10054,5876,0.711027910143,1964,1294,0.517774343122,15025,7418,1.02547856565,4405,2928,0.50443989071,904,6327,0.857120278173,9468,5509,0.718642221819,0.6115840550334746,81405,81405,81405,129.63730569948186,67401,0,0.5737239727289478
162,25684,52309,0.508994628075,10043,5876,0.709155888359,1961,1294,0.515455950541,15192,7429,1.04495894468,4403,2940,0.497619047619,913,6327,0.855697803066,9460,5485,0.724703737466,0.6132010776389909,81660,81660,81660,129.96761658031087,67656,0,0.5745652706343375
163,25768,52564,0.509778555665,10136,5876,0.72498298162,1959,1294,0.513910355487,15297,7440,1.0560483871,4399,2952,0.490176151762,926,6327,0.853643116801,9449,5460,0.730586080586,0.6154700719055584,81913,81913,81913,130.32857142857142,67934,0,0.5762821530160048
164,25867,52820,0.510280196895,10122,5876,0.722600408441,1955,1295,0.509652509653,15435,7451,1.07153402228,4394,2964,0.482456140351,944,6327,0.850798166588,9439,5435,0.736706531739,0.6165417194041476,82168,82168,82168,130.61688311688312,68156,0,0.5762949079933795
165,25972,53076,0.510663953576,10114,5876,0.721238938053,1953,1295,0.508108108108,15552,7461,1.08443908323,4391,2976,0.475470430108,956,6327,0.848901533112,9427,5411,0.742191831454,0.6174686370143894,82422,82422,82422,130.8883116883117,68365,0,0.5760597898619301
166,26068,53212,0.510110501391,10104,5876,0.719537100068,1949,1295,0.505019305019,15657,7472,1.09542291221,4385,2989,0.467045834727,972,6327,0.846372688478,9415,5386,0.7480505013,0.6176459900432428,82557,82557,82557,131.1081967213115,68550,0,0.5759535835846749
167,26166,53348,0.509522381345,10098,5876,0.718515997277,1947,1296,0.502314814815,15774,7483,1.10797808366,4382,3001,0.46017994002,986,6327,0.844159949423,9407,5410,0.738817005545,0.6171668217691351,82741,82741,82741,131.33770491803278,68760,0,0.5756638184213388
168,26268,53484,0.50886246354,10089,5876,0.716984343091,1946,1296,0.501543209877,15865,7494,1.1170269549,4375,3013,0.452041154995,995,6327,0.842737474316,9396,5434,0.729112992271,0.6162992619748203,82924,82924,82924,131.52786885245902,68934,0,0.5747551975302687
169,26391,53620,0.507814248415,10083,5876,0.7159632403,1944,1296,0.5,15945,7505,1.12458361093,4369,3025,0.444297520661,1008,6327,0.840682788051,9387,5458,0.719860754855,0.6150625097765531,83107,83107,83107,131.73879781420766,69127,0,0.5735738265128087
170,26495,53756,0.50712478607,10067,5876,0.713240299523,1941,1297,0.496530454896,16005,7515,1.12974051896,4366,3037,0.437602897596,1026,6327,0.837837837838,9375,5482,0.710142283838,0.6136270860847641,83290,83290,83290,131.90054644808743,69275,0,0.5719654220194501
171,26612,53892,0.506197580346,10056,5876,0.71136827774,1939,1297,0.49498843485,16077,7526,1.13619452564,4362,3038,0.435813034891,1033,6327,0.83673146831,9370,5506,0.701779876498,0.6126740312956794,83462,83462,83462,132.09041394335512,69449,0,0.5708226498286646
172,26730,54028,0.505256533649,10048,5876,0.710006807352,1936,1297,0.49267540478,16156,7537,1.143558445,4359,3040,0.433881578947,1042,6327,0.835308993204,9362,5530,0.69294755877,0.611753452501943,83635,83635,83635,132.29084967320262,69633,0,0.5697973336521791
173,26841,54028,0.503202043385,10039,5876,0.708475153165,1934,1297,0.491133384734,16221,7548,1.14904610493,4357,3041,0.432752384084,1051,6327,0.833886518097,9354,5554,0.684191573641,0.6101516654515902,83671,83671,83671,132.46949891067538,69797,0,0.5695402230163378
174,26945,54028,0.50127711557,10171,5876,0.730939414568,1932,1298,0.48844375963,16270,7558,1.15268589574,4356,3043,0.431482090043,1066,6327,0.831515726253,9344,5578,0.675152384367,0.6100253261337029,83708,83708,83708,132.78213507625273,70084,0,0.5714149185263058
175,27056,54028,0.499222625305,10165,5876,0.729918311777,1929,1298,0.486132511556,16301,7601,1.14458623865,4383,3044,0.43988173456,1078,6327,0.829619092777,9334,5600,0.666785714286,0.6077541958125433,83774,83774,83774,132.958605664488,70246,0,0.5708095590517345
176,27174,54028,0.497038572592,10154,5876,0.728046289993,1929,1298,0.486132511556,16350,7645,1.13865271419,4375,3046,0.436309914642,1101,6327,0.825983878615,9322,5622,0.658128779794,0.6049831826530856,83842,83842,83842,133.1323851203501,70405,0,0.5697621717039193
177,27303,54028,0.494650921744,10146,5876,0.726684819605,1928,1299,0.484218629715,16398,7688,1.13293444329,4372,3047,0.43485395471,1112,6327,0.82424529793,9314,5644,0.650248051028,0.6023668498015707,83909,83909,83909,133.31619256017507,70573,0,0.5688543541217271
178,27439,54028,0.492133708447,10138,5876,0.725323349217,1927,1299,0.483448806774,16447,7731,1.12740913207,4370,3048,0.433727034121,1127,6327,0.821874506085,9304,5666,0.642075538299,0.599642750818696,83975,83975,83975,133.5120350109409,70752,0,0.5678952069068175
179,27558,54028,0.489931146813,10126,5876,0.723281143635,2128,1299,0.63818321786,16496,7774,1.12194494469,4368,3050,0.432131147541,1141,6327,0.81966176703,9295,5688,0.634142053446,0.5994859713000642,84042,84042,84042,133.9059080962801,71112,0,0.5705242616786844
180,27697,54028,0.487358406752,10117,5876,0.721749489449,2127,1300,0.636153846154,16534,7817,1.115133683,4363,3051,0.430022943297,1156,6327,0.817290975186,9283,5710,0.625744308231,0.596511669381398,84109,84109,84109,134.125,71277,0,0.5691899796692387
181,27827,54028,0.484952246983,10110,5876,0.720558202859,2126,1300,0.635384615385,16579,7860,1.10928753181,4359,3053,0.427775958074,1168,6327,0.81539434171,9271,5713,0.622790127779,0.5941632900412325,84157,84157,84157,134.38291139240508,71440,0,0.568128616752023
182,27953,54028,0.482620122899,10103,5876,0.71936691627,2122,1300,0.632307692308,16635,7903,1.1048968746,4357,3055,0.426186579378,1184,6327,0.812865497076,9263,5715,0.6208223972,0.5920027552135291,84204,84204,84204,134.6629746835443,71617,0,0.5673364685763147
183,28057,54028,0.480695195084,10095,5876,0.718005445882,2120,1301,0.62951575711,16654,7947,1.09563357242,4386,3057,0.434739941119,1196,6327,0.8109688636,9250,5718,0.617698495978,0.5899779238967883,84254,84254,84254,134.8860759493671,71758,0,0.5665369003252071
184,28179,54028,0.478437106685,10083,5876,0.7159632403,2119,1301,0.628747117602,16681,7990,1.08773466834,4381,3058,0.432635709614,1212,6327,0.808440018966,9238,5721,0.614752665618,0.5874188918280921,84301,84301,84301,135.0995260663507,71893,0,0.5651534382747536
185,28283,54028,0.47651217887,10063,5876,0.712559564329,2116,1301,0.626441199078,16727,8033,1.08228557202,4377,3060,0.430392156863,1225,6327,0.806385332701,9234,5723,0.613489428621,0.585325081803955,84348,84348,84348,135.30805687203792,72025,0,0.5642220325318917
186,28420,54028,0.473976456652,10053,5876,0.710857726344,2115,1302,0.624423963134,16773,8076,1.07689450223,4373,3062,0.428151534944,1246,6327,0.803066224119,9220,5726,0.610199091862,0.5827339834354301,84397,84397,84397,135.58451816745657,72200,0,0.5629820965200185
187,28525,54028,0.472033019916,10048,5876,0.710006807352,2114,1302,0.623655913978,16820,8119,1.07168370489,4372,3064,0.426892950392,1255,6327,0.801643749012,9210,5729,0.607610403212,0.5808395997394754,84445,84445,84445,135.8120063191153,72344,0,0.5623068269287702
188,28632,54028,0.470052565336,10119,5876,0.722089857046,2112,1302,0.622119815668,16870,8162,1.06689536878,4369,3065,0.425448613377,1265,6327,0.800063221116,9203,5731,0.605827953237,0.579884248026417,84491,84491,84491,136.16930379746836,72570,0,0.5629238617130818
189,28767,54028,0.467553860961,10112,5876,0.720898570456,2111,1303,0.620107444359,16905,8200,1.06158536585,4363,3073,0.419785226163,1281,6327,0.797534376482,9194,5731,0.604257546676,0.5773616598452767,84538,84538,84538,136.4272151898734,72733,0,0.5616882348766236
190,28888,54028,0.465314281484,10103,5876,0.71936691627,2110,1303,0.619339984651,16935,8237,1.05596697827,4362,3081,0.415774099318,1291,6327,0.795953848585,9275,5731,0.618391205723,0.5761559651466607,84583,84583,84583,136.79272151898735,72964,0,0.5620278306515494
191,28990,54028,0.463426371511,10092,5876,0.717494894486,2107,1303,0.617037605526,16942,8274,1.04761904762,4360,3089,0.411460019424,1301,6327,0.794373320689,9267,5731,0.61699528878,0.5737935435080588,84628,84628,84628,136.94303797468353,73059,0,0.5606300515195917
192,29111,54028,0.461186792034,10083,5876,0.7159632403,2107,1304,0.615797546012,16984,8311,1.04355673204,4358,3097,0.407168227317,1311,6327,0.792792792793,9261,5730,0.616230366492,0.5717052661415091,84673,84673,84673,137.6153846153846,73215,0,0.557816541282345
193,29212,54028,0.459317390982,10067,5876,0.713240299523,2105,1304,0.614263803681,17003,8348,1.03677527552,4374,3104,0.409149484536,1328,6327,0.790105895369,9247,5730,0.613787085515,0.5695314989907575,84717,84717,84717,138.23,73336,0,0.5547292751159744
194,29327,54028,0.457188865033,10056,5876,0.71136827774,2103,1304,0.61273006135,17040,8386,1.03195802528,4369,3112,0.403920308483,1340,6327,0.788209261893,9238,5730,0.612216404887,0.5672994112997416,84763,84763,84763,138.915,73473,0,0.5514434364050352
195,29430,54028,0.455282446139,10047,5876,0.709836623553,2101,1304,0.611196319018,17062,8423,1.02564406981,4366,3120,0.399358974359,1354,6327,0.785996522839,9230,5729,0.611101413859,0.5651066539318689,84807,84807,84807,139.24449877750612,73590,0,0.5496244413786597
196,29528,54028,0.453468571852,10042,5876,0.708985704561,2100,1305,0.609195402299,17104,8460,1.02174940898,4359,3128,0.393542199488,1375,6327,0.782677414256,9217,5729,0.608832256938,0.5630443237127739,84853,84853,84853,139.57457212713936,73725,0,0.5481715437285659
197,29650,54028,0.451210483453,10136,5876,0.72498298162,2096,1305,0.606130268199,17125,8497,1.01541720607,4371,3136,0.39381377551,1385,6327,0.78109688636,9209,5729,0.607435852679,0.56201559518481,84898,84898,84898,140.1780487804878,73972,0,0.547786755871752
198,29764,54028,0.449100466425,10129,5876,0.723791695031,2093,1305,0.603831417625,17161,8573,1.00174967923,4369,3141,0.390958293537,1399,6327,0.778884147305,9200,5729,0.605864897888,0.5591969780769367,84979,84979,84979,140.5268292682927,74115,0,0.5459937160945645
199,29858,54028,0.447360627823,10116,5876,0.72157930565,2089,1306,0.59954058193,17190,8649,0.987513007284,4366,3146,0.387794024158,1408,6327,0.777461672199,9286,5728,0.621159217877,0.5576181518927815,85060,85060,85060,141.0096618357488,74313,0,0.5454502703973666
200,29942,54028,0.445805878433,10111,5876,0.720728386658,2089,1306,0.59954058193,17210,8725,0.972492836676,4361,3151,0.384005077753,1413,6327,0.77667140825,9281,5728,0.620286312849,0.5551496928624282,85141,85141,85141,141.23671497584542,74407,0,0.5439682409180066
201,30063,54028,0.443566298956,10100,5876,0.718856364874,2087,1306,0.598009188361,17231,8801,0.957845699352,4368,3156,0.384030418251,1422,6327,0.775248933144,9272,5728,0.618715083799,0.5522165637980803,85222,85222,85222,141.56521739130434,74543,0,0.542043134401915
202,30186,54028,0.441289701636,10091,5876,0.717324710688,2086,1307,0.596021423106,17255,8876,0.944006309148,4361,3162,0.379190385832,1440,6327,0.77240398293,9256,5728,0.615921787709,0.5489660508299729,85304,85304,85304,141.8840579710145,74675,0,0.5397988371002532
203,30278,54028,0.439586880877,10079,5876,0.715282505106,2082,1307,0.592960979342,17287,8952,0.931076854334,4356,3167,0.375434164825,1454,6327,0.770191243875,9247,5728,0.614350558659,0.5462786203665749,85385,85385,85385,142.1452784503632,74783,0,0.5380804590970311
204,30354,54028,0.438180202858,10072,5876,0.714091218516,2080,1307,0.59143075746,17305,9028,0.916814355339,4373,3172,0.378625472888,1465,6327,0.76845266319,9240,5728,0.61312849162,0.5440175040366929,85466,85466,85466,142.40193704600483,74889,0,0.5368216600753516
205,30486,54028,0.435737025246,10061,5876,0.712219196732,2076,1308,0.587155963303,17335,9104,0.904108084359,4366,3177,0.374252439408,1483,6327,0.765607712976,9236,5728,0.612430167598,0.5408308785710946,85548,85548,85548,142.77481840193704,75043,0,0.5346355262542666
206,30588,54028,0.433849115274,10049,5876,0.71017699115,2073,1308,0.584862385321,17374,9180,0.892592592593,4358,3182,0.369578881207,1495,6327,0.763711079501,9224,5727,0.610616378558,0.5381066940720325,85628,85628,85628,143.04725897920605,75161,0,0.5328163684776008
207,30695,54028,0.431868660694,10038,5876,0.708304969367,2072,1308,0.584097859327,17405,9256,0.880401901469,4375,3188,0.372333751568,1504,6327,0.762288604394,9216,5727,0.609219486642,0.5356084470890211,85710,85710,85710,143.31947069943288,75305,0,0.5309532143273831
208,30781,54028,0.430276893463,10160,5876,0.729067392784,2069,1309,0.580595874714,17429,9331,0.867859822098,4372,3193,0.369245223927,1517,6327,0.760233918129,9210,5727,0.608171817706,0.5345665629261811,85791,85791,85791,143.75992438563327,75538,0,0.5303120373931998
209,30901,54028,0.428055822907,10151,5876,0.727535738598,2066,1309,0.578304048892,17451,9407,0.855107898374,4370,3198,0.366479049406,1529,6327,0.758337284653,9199,5727,0.606251091322,0.5315469536053661,85872,85872,85872,144.00379506641366,75667,0,0.5279485746226943
210,31012,54028,0.426001332642,10141,5876,0.725833900613,2065,1309,0.577540106952,17482,9483,0.843509437942,4366,3203,0.363097096472,1537,6327,0.757072862336,9194,5727,0.605378033875,0.5288471606575686,85953,85953,85953,144.2504743833017,75797,0,0.52590369155236
211,31134,54028,0.423743244244,10131,5876,0.724132062628,2063,1310,0.574809160305,17493,9559,0.830003138404,4364,3208,0.360349127182,1547,6327,0.75549233444,9271,5727,0.618823118561,0.5267158714476666,86035,86035,86035,144.64136622390893,76003,0,0.5242517580054629
212,31235,54028,0.421873843192,10125,5876,0.723110959837,2061,1310,0.573282442748,17498,9640,0.815145228216,4361,3214,0.35687616677,1569,6327,0.752015173068,9262,5752,0.610222531293,0.5231290700778901,86147,86147,86147,144.84629981024668,76111,0,0.5217128861132715
213,31317,54028,0.420356111646,10118,5876,0.721919673247,2057,1310,0.570229007634,17520,9720,0.802469135802,4361,3219,0.354768561665,1584,6327,0.749644381223,9251,5776,0.601627423823,0.5200797625672418,86256,86256,86256,145.03024574669186,76208,0,0.5197087738823966
214,31419,54028,0.418468201673,10113,5876,0.721068754255,2054,1311,0.566742944317,17528,9801,0.788388939904,4357,3224,0.351426799007,1604,6327,0.746483325431,9243,5801,0.593345974832,0.5165570581696924,86368,86368,86368,145.2381852551985,76318,0,0.5172517599110782
215,31515,54028,0.416691345228,10107,5876,0.720047651464,2052,1311,0.565217391304,17554,9882,0.776361060514,4372,3229,0.353979560235,1609,6327,0.745693061483,9229,5826,0.584105732921,0.5136622763908001,86479,86479,86479,145.46502835538752,76438,0,0.5153505475317707
216,31636,54028,0.414451765751,10100,5876,0.718856364874,2051,1311,0.564454614798,17591,9962,0.765810078298,4365,3234,0.349721706865,1618,6327,0.744270586376,9221,5851,0.575969919672,0.5103997043504371,86589,86589,86589,145.73724007561438,76582,0,0.5130443820808648
217,31712,54028,0.413045087732,10089,5876,0.716984343091,2050,1312,0.5625,17604,10043,0.752862690431,4362,3240,0.346296296296,1639,6327,0.740951477794,9214,5876,0.568073519401,0.5072085995709441,86702,86702,86702,145.90359168241966,76670,0,0.5109224700698946
218,31817,54028,0.411101650996,10079,5886,0.712368331634,2049,1315,0.558174904943,17629,10123,0.741479798479,4366,3245,0.345454545455,1665,6327,0.736842105263,9200,5901,0.559057786816,0.503610711200691,86825,86825,86825,146.1590909090909,76805,0,0.5084480276418082
219,31918,54028,0.409232249944,10066,5896,0.707259158752,2046,1319,0.551175132676,17642,10204,0.728929831439,4360,3250,0.341538461538,1681,6327,0.734313260629,9194,5926,0.551468106649,0.49993099482461184,86950,86950,86950,146.35227272727272,76907,0,0.5059574468085106
220,31998,54028,0.40775153624,10056,5906,0.702675245513,2044,1323,0.544973544974,17646,10285,0.715702479339,4357,3255,0.338556067588,1690,6327,0.732890785522,9270,5950,0.557983193277,0.49751935135631764,87074,87074,87074,146.6439393939394,77061,0,0.5046282472379815
221,32098,54028,0.40590064411,10038,5916,0.696754563895,2042,1327,0.538809344386,17655,10365,0.703328509407,4379,3260,0.343251533742,1697,6327,0.731784415995,9265,5975,0.550627615063,0.49423151907153834,87198,87198,87198,146.85795454545453,77174,0,0.5024885891878255
222,32220,54028,0.403642555712,10152,5926,0.713128585893,2040,1331,0.532682193839,17679,10446,0.692418150488,4375,3265,0.339969372129,1709,6327,0.729887782519,9251,6000,0.541833333333,0.4919093480526322,87323,87323,87323,147.33459357277883,77426,0,0.501002026957388
223,32307,54028,0.402032279559,10144,5936,0.708894878706,2040,1335,0.52808988764,17697,10527,0.681105728128,4373,3271,0.336900030572,1721,6327,0.727991149044,9248,6025,0.534937759336,0.48868483344577984,87449,87449,87449,147.531190926276,77530,0,0.4989765463298608
224,32399,54028,0.400329458799,10130,5947,0.703379855389,2039,1339,0.522778192681,17719,10607,0.670500612803,4370,3276,0.333943833944,1735,6327,0.725778409989,9240,6050,0.527272727273,0.485303857309247,87574,87574,87574,147.72400756143668,77632,0,0.4967684472560349
225,32528,54028,0.397941807951,10120,5957,0.698841698842,2036,1343,0.51600893522,17750,10688,0.660741017964,4366,3281,0.330691862237,1746,6327,0.724039829303,9233,6075,0.519835390947,0.4816702584978164,87699,87699,87699,148.00315457413248,77779,0,0.49421316092543816
226,32643,54028,0.395813282002,10106,5967,0.693648399531,2034,1347,0.510022271715,17780,10768,0.651188707281,4361,3286,0.327145465612,1762,6327,0.721510984669,9223,6100,0.511967213115,0.478075219475536,87823,87823,87823,148.41324921135646,77909,0,0.4925133507167826
227,32742,54028,0.393980898793,10090,5977,0.688137861804,2033,1351,0.504811250925,17800,10791,0.64952275044,4358,3299,0.321006365565,1774,6327,0.719614351193,9212,6108,0.508185985593,0.47571147346980575,87881,87881,87881,148.72870662460568,78009,0,0.4911869459837735
228,32841,54028,0.392148515585,10086,5987,0.684650075163,2028,1355,0.49667896679,17804,10814,0.646384316627,4369,3311,0.319540924192,1783,6327,0.718191876087,9203,6116,0.504741661216,0.4734926880302031,87938,87938,87938,149.05956112852664,78114,0,0.49000432122631854
229,32961,54028,0.389927445029,10078,5997,0.680506920127,2026,1359,0.490802060338,17842,10837,0.646396604226,4365,3323,0.313572073428,1793,6327,0.71661134819,9196,6124,0.50163291966,0.4712540485254844,87995,87995,87995,149.5203761755486,78261,0,0.48895959997727145
230,33063,54028,0.388039535056,10070,6008,0.676098535286,2025,1363,0.485693323551,17863,10860,0.644843462247,4359,3336,0.306654676259,1805,6327,0.714714714715,9190,6132,0.498695368558,0.4689735843913962,88054,88054,88054,149.87774294670845,78375,0,0.48775751243555093
231,33176,54028,0.385948026949,10060,6041,0.665287204105,2022,1364,0.482404692082,17879,10883,0.642837452908,4367,3348,0.304360812425,1816,6327,0.712976134029,9251,6140,0.50667752443,0.4671001123327773,88131,88131,88131,150.49526813880126,78571,0,0.4874788666870908
232,33270,54028,0.384208188347,10044,6074,0.653605531775,2020,1365,0.479853479853,17883,10905,0.639889958735,4364,3360,0.29880952381,1841,6327,0.709024814288,9242,6149,0.503008619288,0.4641755849809541,88208,88208,88208,150.78864353312304,78664,0,0.48577226555414477
233,33376,54028,0.382246242689,10144,6108,0.66077275704,2017,1367,0.475493782004,17904,10928,0.638360175695,4363,3373,0.293507263564,1857,6327,0.706495969654,9234,6157,0.499756374858,0.4627016129032258,88288,88288,88288,152.17117117117118,78895,0,0.48357647698441464
234,33476,54028,0.380395350559,10133,6141,0.650056993975,2014,1368,0.472222222222,17920,10951,0.636380239248,4357,3385,0.287149187592,1872,6327,0.704125177809,9223,6165,0.49602595296,0.45995586487862844,88365,88365,88365,152.47147147147146,78995,0,0.4805522548520342
235,33572,54028,0.378618494114,10120,6174,0.639131843213,2011,1369,0.468955441928,17927,10974,0.633588481866,4361,3397,0.283779805711,1887,6327,0.701754385965,9217,6173,0.493115179005,0.45730535266050065,88442,88442,88442,152.77177177177177,79095,0,0.47762375342032065
236,33666,54028,0.376878655512,10111,6208,0.628704896907,2009,1371,0.465353756382,17932,10997,0.630626534509,4358,3410,0.278005865103,1907,6327,0.698593330172,9206,6181,0.489403009222,0.45447459388626554,88522,88522,88522,153.27272727272728,79189,0,0.47461647951921554
237,33745,54028,0.375416450729,10102,6241,0.618650857234,2004,1372,0.460641399417,17961,11020,0.629854809437,4357,3422,0.273232028054,1924,6327,0.695906432749,9192,6189,0.485215705284,0.4521269991760629,88599,88599,88599,154.71641791044777,79285,0,0.4720369304393955
238,33844,54028,0.373584067521,10095,6275,0.608764940239,2002,1374,0.457059679767,17979,11043,0.628090192882,4365,3434,0.271112405358,1929,6327,0.6951161688,9239,6198,0.490642142627,0.45036592654405216,88679,88679,88679,155.36341463414635,79453,0,0.47208471002153835
239,33968,54028,0.371288961279,10086,6275,0.607330677291,2001,1385,0.44476534296,17989,11043,0.62899574391,4361,3434,0.269947582994,1941,6330,0.69336492891,9229,6198,0.489028718942,0.4485134114304398,88693,88693,88693,155.6609756097561,79575,0,0.4712660525633365
240,34052,54028,0.36973421189,10074,6275,0.605418326693,1996,1396,0.429799426934,18008,11043,0.630716290863,4357,3434,0.268782760629,1958,6333,0.690825832939,9217,6198,0.48709261052,0.4470560384186141,88707,88707,88707,155.87317073170732,79662,0,0.4705603841861409
241,34147,54028,0.367975864367,10064,6275,0.603824701195,1994,1407,0.417199715707,18027,11043,0.632436837816,4376,3434,0.274315666861,1980,6336,0.6875,9206,6198,0.485317844466,0.4457456521004046,88721,88721,88721,156.19607843137254,79794,0,0.4703508752155634
242,34275,54028,0.36560672244,10053,6275,0.602071713147,1993,1418,0.405500705219,18049,11043,0.634429050077,4374,3434,0.273733255679,1987,6339,0.686543618867,9192,6198,0.483059051307,0.4439961683664845,88735,88735,88735,156.51225490196077,79923,0,0.46969065194117315
243,34359,54028,0.364051973051,10044,6275,0.600637450199,1991,1429,0.393282015395,18054,11043,0.634881825591,4372,3434,0.273150844496,1993,6342,0.685745821507,9252,6198,0.492739593417,0.4434078130457808,88749,88749,88749,156.86029411764707,80065,0,0.4702588198176881
244,34464,54028,0.362108536315,10129,6275,0.614183266932,1991,1440,0.382638888889,18074,11043,0.636692927646,4368,3434,0.271986022132,2002,6345,0.684475965327,9246,6198,0.491771539206,0.44303369647262936,88763,88763,88763,157.36893203883494,80274,0,0.47158162747991844
245,34552,54028,0.36047975124,10122,6275,0.613067729084,1990,1451,0.371467953136,18077,11043,0.636964592955,4363,3434,0.270529994176,2021,6348,0.681632010082,9236,6198,0.490158115521,0.44144316658594007,88777,88777,88777,157.58009708737865,80361,0,0.4707187672482738
246,34646,54028,0.358739912638,10111,6276,0.611057998725,1990,1461,0.362080766598,18103,11043,0.639319025627,4356,3434,0.268491555038,2036,6351,0.679420563691,9224,6198,0.488222007099,0.4400108119066122,88791,88791,88791,157.83495145631068,80466,0,0.47019405119888275
247,34726,54028,0.357259198934,10101,6278,0.608951895508,1988,1471,0.351461590755,18120,11043,0.640858462374,4375,3434,0.27402446127,2046,6354,0.677998111426,9212,6198,0.486285898677,0.4389568272414026,88806,88806,88806,158.10591900311528,80568,0,0.4699682453888251
248,34820,54028,0.355519360332,10093,6279,0.607421563943,1987,1482,0.340755735493,18148,11043,0.643394005252,4371,3434,0.272859638905,2060,6357,0.675947774107,9199,6198,0.484188447886,0.4375879578027719,88821,88821,88821,158.44859813084113,80678,0,0.46942727508134335
249,34906,54028,0.3539275931,10086,6281,0.605795255533,1986,1492,0.33109919571,18159,11043,0.644390111383,4368,3434,0.271986022132,2073,6360,0.674056603774,9232,6198,0.489512746047,0.4366698185420325,88836,88836,88836,158.85981308411215,80810,0,0.46949434913773697
250,34978,54028,0.352594950766,10081,6283,0.604488301767,1985,1502,0.321571238349,18169,11043,0.645295662411,4363,3434,0.270529994176,2085,6363,0.672324375295,9222,6198,0.487899322362,0.4354256001620691,88851,88851,88851,159.09459459459458,80883,0,0.468863603110826
251,35086,54028,0.350595987266,10070,6284,0.602482495226,1985,1513,0.311962987442,18174,11043,0.645748437924,4361,3434,0.269947582994,2099,6366,0.67027961043,9214,6198,0.486608583414,0.43369792721625816,88866,88866,88866,159.4527027027027,80989,0,0.46809803524407534
252,35153,54028,0.349355889539,10061,6286,0.600540884505,1983,1523,0.302035456336,18185,11043,0.646744544055,4382,3434,0.276062900408,2110,6369,0.668707803423,9206,6198,0.485317844466,0.432792160304227,88881,88881,88881,159.76013513513513,81080,0,0.46804153868655846
253,35235,54028,0.347838157992,10050,6287,0.598536662955,1983,1533,0.293542074364,18198,11043,0.647921760391,4379,3434,0.275189283634,2123,6372,0.666823603264,9194,6198,0.483381736044,0.4314190899375668,88895,88895,88895,160.04330708661416,81162,0,0.467461612014174
254,35303,54028,0.346579551344,10043,6289,0.596915248847,1980,1544,0.282383419689,18202,11043,0.648283980802,4375,3434,0.27402446127,2139,6375,0.664470588235,9238,6198,0.490480800258,0.43066662167785763,88911,88911,88911,160.50787401574803,81280,0,0.4681647940074906
255,35378,54028,0.345191382246,10118,6291,0.608329359402,1978,1554,0.272844272844,18213,11043,0.649280086933,4368,3434,0.271986022132,2150,6378,0.662903731577,9228,6198,0.488867376573,0.43027910847221285,88926,88926,88926,161.10980392156864,81433,0,0.4696039403549018
256,35451,54028,0.343840230991,10110,6292,0.60680228862,1975,1564,0.262787723785,18217,11043,0.649642307344,4362,3434,0.270238788585,2164,6381,0.660868202476,9223,6198,0.488060664731,0.4289408590060715,88940,88940,88940,161.38039215686274,81502,0,0.4691140094445694
257,35504,54028,0.342859258162,10099,6294,0.604544010168,1972,1575,0.252063492063,18234,11043,0.651181744091,4360,3434,0.269656377402,2176,6384,0.659147869674,9216,6198,0.486931268151,0.4279531453752417,88956,88956,88956,161.61176470588236,81561,0,0.4689172175007869
258,35597,54028,0.341137928482,10088,6295,0.602541699762,1970,1585,0.242902208202,18250,11043,0.652630625736,4357,3434,0.268782760629,2188,6387,0.657429152967,9207,6198,0.485479186834,0.4265145554681353,88970,88970,88970,161.98823529411766,81657,0,0.4686523547263122
259,35665,54028,0.339879321833,10080,6297,0.600762267747,1970,1595,0.235109717868,18256,11043,0.653173956352,4358,3434,0.26907396622,2201,6390,0.655555555556,9198,6198,0.484027105518,0.4253188739675226,88985,88985,88985,162.2687747035573,81728,0,0.4683598359274035
260,35735,54028,0.338583697342,10075,6299,0.599460231783,1969,1606,0.22602739726,18262,11043,0.653717286969,4360,3434,0.269656377402,2216,6393,0.653370874394,9189,6198,0.482575024201,0.4240963584678824,89001,89001,89001,162.57707509881422,81806,0,0.46814080740665837
261,35816,54028,0.337084474717,10068,6300,0.598095238095,1967,1616,0.217202970297,18282,11043,0.655528389025,4362,3434,0.270238788585,2220,6396,0.652908067542,9238,6198,0.490480800258,0.42368140201089705,89015,89015,89015,163.15686274509804,81953,0,0.46948267145986633
262,35881,54028,0.335881394832,10056,6302,0.59568390987,1967,1626,0.209717097171,18282,11043,0.655528389025,4359,3434,0.269365171811,2229,6399,0.65166432255,9231,6198,0.489351403679,0.422430641356846,89030,89030,89030,163.3607843137255,82005,0,0.4689093563967202
263,35949,54028,0.334622788184,10044,6304,0.593274111675,1965,1637,0.20036652413,18288,11043,0.656071719641,4374,3434,0.273733255679,2239,6402,0.650265542018,9229,6198,0.489028718942,0.4214226354917683,89046,89046,89046,163.68627450980392,82088,0,0.46893740313995014
264,36017,54028,0.333364181536,10039,6323,0.58769571406,1964,1661,0.182420228778,18298,11043,0.656977270669,4366,3434,0.271403610949,2251,6405,0.648555815769,9217,6198,0.48709261052,0.4196785345485565,89092,89092,89092,163.93725490196078,82152,0,0.4683361020069142
265,36070,54028,0.332383208707,10122,6343,0.595774869935,1962,1685,0.164391691395,18311,11043,0.658154487005,4362,3434,0.270238788585,2269,6408,0.645911360799,9208,6198,0.485640529203,0.4191094806986841,89139,89139,89139,164.53543307086613,82304,0,0.469940205746082
266,36126,54028,0.331346709114,10114,6362,0.589751650424,1959,1709,0.146284376829,18329,11043,0.659784478855,4357,3434,0.268782760629,2279,6411,0.644517236001,9197,6198,0.483865763149,0.4176038571508662,89185,89185,89185,164.75984251968504,82361,0,0.4694847788305208
267,36196,54028,0.330051084623,10104,6382,0.583202757756,1959,1733,0.130409694172,18333,11043,0.660146699267,4374,3435,0.273362445415,2290,6414,0.642968506392,9210,6198,0.48596321394,0.41626976566965135,89233,89233,89233,165.32592592592593,82466,0,0.46980377214707564
268,36254,54028,0.328977567187,10097,6401,0.577409779722,1955,1757,0.112692088788,18337,11043,0.660508919678,4369,3435,0.271906841339,2311,6417,0.639862864267,9206,6198,0.485317844466,0.4145431736466582,89279,89279,89279,165.7925925925926,82529,0,0.46922568577157003
269,36316,54028,0.327830014067,10081,6421,0.570004672169,1951,1781,0.0954519932622,18350,11043,0.661686136014,4365,3435,0.270742358079,2329,6420,0.63722741433,9195,6198,0.483543078412,0.41272417885050267,89326,89326,89326,166.16304347826087,82587,0,0.4683070998365537
270,36398,54028,0.32631228252,10074,6440,0.564285714286,1950,1806,0.0797342192691,18351,11043,0.661776691117,4362,3435,0.269868995633,2339,6423,0.635839950179,9230,6198,0.48919006131,0.4112987143768252,89373,89373,89373,166.79891304347825,82704,0,0.46794893312297897
271,36458,54028,0.325201747242,10066,6460,0.558204334365,1949,1806,0.0791805094131,18370,11043,0.663497238069,4357,3435,0.268413391557,2356,6426,0.633364456894,9219,6198,0.487415295257,0.4100742762539711,89396,89396,89396,167.18579234972677,82775,0,0.4672804152311065
272,36532,54028,0.323832087066,10051,6479,0.551319648094,1947,1806,0.078073089701,18377,11043,0.664131123789,4374,3435,0.273362445415,2367,6429,0.63182454503,9214,6198,0.486608583414,0.40886622380281373,89418,89418,89418,167.66120218579235,82862,0,0.4667069270169317
273,36582,54028,0.322906641001,10048,6499,0.546084012925,1946,1806,0.077519379845,18389,11043,0.665217785022,4369,3435,0.271906841339,2382,6432,0.629664179104,9205,6198,0.485156502097,0.4077771939043615,89441,89441,89441,167.98360655737704,82921,0,0.466106148187073
274,36797,54028,0.318927222921,10102,6518,0.549861920835,1945,1806,0.0769656699889,18393,11043,0.665580005433,4367,3435,0.271324599709,2396,6435,0.627661227661,9201,6198,0.484511132623,0.405508422476331,89463,89463,89463,169.5136612021858,83201,0,0.465544415009557
275,36867,54028,0.31763159843,10094,6538,0.543897216274,1942,1806,0.0753045404208,18396,11043,0.665851670742,4364,3435,0.270451237263,2408,6438,0.625970798385,9197,6198,0.483865763149,0.40413025501195715,89486,89486,89486,169.87978142076503,83268,0,0.4646872136423575
276,36928,54028,0.316502554231,10087,6557,0.538355955467,1941,1806,0.0747508305648,18399,11043,0.66612333605,4358,3435,0.268704512373,2423,6441,0.623816177612,9238,6198,0.490480800258,0.40333824909505295,89508,89508,89508,170.48837209302326,83374,0,0.4647070652902534
277,36993,54028,0.315299474347,10075,6577,0.531853428615,1940,1806,0.0741971207087,18410,11043,0.667119442181,4362,3435,0.269868995633,2430,6444,0.622905027933,9226,6198,0.488544691836,0.40212887156403926,89531,89531,89531,170.84883720930233,83436,0,0.46409623482369233
278,37029,54028,0.31463315318,10065,6596,0.525924802911,1937,1806,0.0725359911406,18423,11043,0.668296658517,4357,3435,0.268413391557,2436,6447,0.622149837134,9216,6198,0.486931268151,0.40121492300648776,89553,89553,89553,171.0057803468208,83463,0,0.46351322680423884
279,37088,54028,0.313541126823,10052,6616,0.519347037485,1937,1806,0.0725359911406,18434,11043,0.669292764647,4370,3435,0.272197962154,2448,6450,0.620465116279,9206,6198,0.485317844466,0.4001406626775029,89576,89576,89576,171.42196531791907,83535,0,0.4630704653032062
280,37161,54028,0.312189975568,10045,6635,0.513941220799,1935,1806,0.0714285714286,18443,11043,0.670107760572,4367,3435,0.271324599709,2459,6453,0.61893692856,9195,6198,0.483543078412,0.3987700618317373,89598,89598,89598,171.82658959537574,83605,0,0.46230942654969975
281,37226,54028,0.310986895684,10078,6655,0.514350112697,1934,1806,0.0708748615725,18445,11043,0.670288870778,4367,3435,0.271324599709,2476,6456,0.616480793061,9233,6198,0.489674088416,0.398366454290847,89621,89621,89621,174.77272727272728,83759,0,0.4608852835830888
282,37297,54028,0.309672762271,10066,6674,0.508240934972,1930,1806,0.0686600221484,18455,11043,0.671194421806,4359,3435,0.268995633188,2494,6459,0.613872116427,9221,6198,0.487737979994,0.39680733576520194,89643,89643,89643,175.7058823529412,83822,0,0.45880883058353694
283,37360,54028,0.30850670023,10047,6694,0.500896325067,1928,1806,0.0675526024363,18464,11043,0.672009417731,4366,3435,0.271033478894,2511,6462,0.611420612813,9213,6198,0.486447241045,0.3954787767938795,89666,89666,89666,176.70149253731344,83889,0,0.4568955903017866
284,37416,54028,0.307470200637,10080,6713,0.501564129301,1926,1806,0.0664451827243,18484,11043,0.673820519786,4362,3435,0.269868995633,2531,6465,0.608507347254,9200,6198,0.484349790255,0.39473508161626975,89688,89688,89688,178.3582089552239,83999,0,0.45508875211845506
285,37470,54028,0.306470718887,10070,6733,0.49561859498,2008,1806,0.111849390919,18506,11043,0.675812732047,4356,3435,0.268122270742,2540,6468,0.60729746444,9197,6198,0.483865763149,0.39468961442855394,89711,89711,89711,180.79166666666666,84147,0,0.45356756696503214
286,37527,54028,0.305415710372,10061,6752,0.490077014218,2004,1806,0.109634551495,18505,11043,0.675722176945,4368,3435,0.271615720524,2544,6471,0.606861381548,9228,6198,0.488867376573,0.3940579274068626,89733,89733,89733,182.66,84237,0,0.4520967759909955
287,37602,54028,0.304027541275,10053,6772,0.484494979327,2002,1806,0.108527131783,18510,11043,0.676174952459,4367,3435,0.271324599709,2556,6474,0.605189990732,9219,6198,0.487415295257,0.3926311332947101,89756,89756,89756,184.17021276595744,84309,0,0.4500423370025402
288,37663,54028,0.302898497076,10044,6791,0.479016345163,2001,1806,0.107973421927,18508,11043,0.675993842253,4364,3435,0.270451237263,2572,6477,0.602902578354,9213,6198,0.486447241045,0.39126512063088953,89778,89778,89778,185.3469387755102,84365,0,0.4482167123348705
289,37711,54028,0.302010068853,10103,6811,0.483335780355,1999,1806,0.106866002215,18513,11043,0.676446617767,4363,3435,0.270160116448,2580,6480,0.601851851852,9202,6198,0.484672474992,0.3909087872072694,89801,89801,89801,187.56521739130434,84471,0,0.44684357635215644
290,37758,54028,0.301140149552,10085,6830,0.476573938507,1999,1806,0.106866002215,18525,11043,0.677533279,4359,3435,0.268995633188,2591,6483,0.600339349067,9190,6198,0.48273636657,0.3897442748516527,89823,89823,89823,188.3404255319149,84507,0,0.4454538369905258
291,37816,54028,0.300066632117,10076,6850,0.470948905109,1995,1806,0.104651162791,18537,11043,0.678619940234,4356,3435,0.268122270742,2600,6486,0.599136601912,9223,6198,0.488060664731,0.38903234423346617,89846,89846,89846,190.44444444444446,84603,0,0.4438483627540458
292,37877,54028,0.298937587917,10067,6853,0.468991682475,1993,1814,0.0986769570011,18543,11043,0.67916327085,4368,3435,0.271615720524,2601,6489,0.599167822469,9216,6198,0.486931268151,0.3881927442688627,89860,89860,89860,191.82222222222222,84665,0,0.44241041620298244
293,37921,54028,0.29812319538,10060,6857,0.467113898206,1991,1823,0.092155787164,18542,11043,0.679072715748,4365,3435,0.270742358079,2616,6492,0.597042513863,9211,6198,0.486124556308,0.3871556366549468,89876,89876,89876,192.75,84706,0,0.44100761048555787
294,37976,54028,0.297105204709,10051,6861,0.464946800758,1989,1831,0.0862916439104,18547,11043,0.679525491261,4365,3435,0.270742358079,2638,6495,0.593841416474,9200,6198,0.484349790255,0.38594520029813884,89891,89891,89891,194.0681818181818,84766,0,0.43922083412132473
295,38031,54028,0.296087214037,10041,6865,0.462636562272,1988,1840,0.0804347826087,18564,11043,0.681064928009,4362,3435,0.269868995633,2652,6498,0.591874422899,9203,6198,0.48483381736,0.3850645667189429,89907,89907,89907,195.7391304347826,84841,0,0.43760775023079407
296,38085,54028,0.295087732287,10086,6869,0.468336002329,1987,1848,0.0752164502165,18572,11043,0.681789368831,4359,3435,0.268995633188,2669,6501,0.589447777265,9191,6198,0.482897708938,0.3845221414114455,89922,89922,89922,197.62962962962962,84949,0,0.43595560596961813
297,38130,54028,0.294254830828,10079,6873,0.466462971046,1984,1857,0.0683898761443,18579,11051,0.681205320785,4364,3435,0.270451237263,2679,6504,0.588099630996,9223,6197,0.488300790705,0.3840013341486464,89945,89945,89945,198.7283950617284,85038,0,0.43462115737395074
298,38184,54028,0.293255349078,10067,6877,0.463865057438,1982,1866,0.0621650589496,18576,11059,0.679717876842,4362,3435,0.269868995633,2693,6507,0.586138005225,9219,6197,0.487655317089,0.38268737009414355,89969,89969,89969,199.28395061728395,85083,0,0.4330047016194467
299,38237,54028,0.292274376249,10058,6881,0.461706147362,1979,1874,0.0560298826041,18584,11067,0.679226529321,4357,3435,0.268413391557,2705,6510,0.584485407066,9212,6196,0.486765655261,0.3815159293707148,89991,89991,89991,199.88888888888889,85132,0,0.4314431443144314
