Time,Bujumbura,Bubanza,Cibitoke,Isale,Muramvya,Kayanza,Mwaro,Rumonge,Bururi,Rutana,Makamba,Gitega,Karuzi,Ruyigi,Cankuzo,Muyinga,Kirundo,Ngozi,Gashoho,Gitega-Ruyigi,Makebuko,Commune of Mabanda,Mahama,Nduta,Nyarugusu,Nakivale,Kigali,Lusenda
0,0,0,0,0,0,0,0,0,0,0,0,0,0,0,0,0,0,0,0,0,0,0,0,0,0,0,0,0
1,0,211,158,905,0,0,148,129,0,0,0,0,0,0,0,0,0,0,0,0,0,67,0,0,0,0,0,177
2,356,378,262,1490,55,27,267,207,24,0,6,23,0,0,0,0,0,0,0,0,0,104,0,0,18,0,0,373
3,563,528,375,2096,118,58,355,326,46,6,14,86,0,0,0,0,0,8,0,1,5,159,0,0,48,0,0,593
4,804,625,467,2664,184,97,452,419,95,14,28,156,0,0,0,0,0,16,0,12,7,203,0,0,82,1,0,854
5,1027,727,564,3202,285,157,554,509,131,27,38,209,0,0,0,0,0,37,1,32,22,223,0,0,126,3,0,1101
6,1255,823,609,3783,373,190,637,584,184,40,52,267,2,1,0,0,0,53,6,61,41,260,0,0,168,4,0,1377
7,1384,936,682,4245,454,250,763,667,219,53,84,392,5,7,0,1,1,85,10,80,48,297,0,0,217,9,0,1676
8,1619,999,762,4664,570,295,785,730,274,84,102,523,10,17,0,5,1,118,22,107,66,340,0,0,270,11,0,1986
9,1766,1092,815,5053,681,368,873,830,325,116,125,615,17,26,2,10,4,127,35,144,97,355,0,1,339,19,0,2320
10,1873,1156,881,5455,799,437,947,950,369,148,151,738,21,37,3,10,5,168,48,205,116,355,0,1,402,25,1,2649
11,2136,1255,951,5726,881,490,983,1038,427,175,172,842,27,54,5,16,7,198,64,258,167,387,0,2,470,37,3,2974
12,2215,1336,997,6104,938,541,1054,1071,492,202,232,1002,35,65,7,26,11,245,81,307,198,446,0,3,532,39,3,3358
13,2311,1376,1067,6446,1040,625,1111,1147,555,252,239,1120,44,74,13,32,12,276,96,375,247,467,1,5,624,48,5,3727
14,2497,1430,1097,6734,1127,687,1186,1220,633,285,266,1256,50,90,13,55,12,323,96,415,308,470,2,8,708,60,8,4094
15,2521,1491,1177,7244,1185,726,1262,1313,670,326,292,1370,60,137,16,66,21,377,115,498,344,479,4,9,806,75,11,4550
16,2721,1507,1184,7602,1297,790,1316,1403,735,380,333,1496,95,140,21,64,28,434,140,549,388,508,6,19,916,88,14,4986
17,2910,1571,1242,8005,1338,817,1343,1504,788,444,340,1642,101,160,29,85,39,488,167,641,423,522,8,27,1023,100,15,5403
18,2975,1700,1309,8239,1458,852,1393,1612,863,472,364,1754,114,190,42,96,48,533,197,724,502,584,11,36,1109,111,16,5886
19,3096,1743,1339,8512,1551,887,1517,1696,971,493,403,1917,128,207,46,101,60,608,224,760,562,619,15,53,1206,119,21,6351
20,3222,1877,1387,9022,1587,983,1579,1835,1042,544,405,2080,151,261,61,108,60,616,274,846,596,667,18,62,1308,134,26,6842
21,3476,1941,1444,9470,1674,1046,1595,1950,1063,610,460,2188,146,296,74,128,64,663,320,953,658,711,21,73,1437,146,31,7343
22,3518,2025,1505,9926,1785,1099,1708,1995,1140,691,500,2360,175,311,87,146,81,741,332,1046,702,713,23,93,1573,157,33,7904
23,3617,2136,1574,10299,1878,1203,1735,2168,1162,751,532,2581,179,328,80,189,86,779,380,1168,747,722,29,106,1700,173,37,8418
24,3835,2206,1641,10605,1941,1322,1775,2264,1257,797,573,2805,210,394,85,208,94,817,395,1222,791,756,35,118,1812,185,52,8950
25,4035,2084,1500,9899,1998,1378,1669,2210,1352,863,619,2958,241,408,106,239,94,891,447,1323,884,662,39,134,1963,205,60,9321
26,3784,1997,1449,9493,2011,1433,1680,2207,1392,961,655,3105,293,454,113,253,125,947,450,1398,948,648,42,146,2073,233,67,9662
27,3574,1904,1428,9235,1957,1426,1647,2213,1420,1032,690,3201,318,476,140,283,123,973,526,1506,1040,611,47,162,2189,255,79,10001
28,3570,1777,1354,8870,1934,1435,1597,2243,1426,1065,744,3279,322,555,147,327,163,1030,543,1597,1103,590,54,179,2307,272,90,10320
29,3449,1679,1259,8583,1979,1421,1571,2293,1435,1076,768,3362,345,622,169,370,171,1085,571,1583,1246,632,65,188,2393,294,103,10618
30,3161,1619,1219,8399,1995,1403,1576,2298,1494,1143,771,3413,372,633,188,404,172,1121,623,1728,1297,600,73,209,2506,323,116,10911
31,3204,3648,2716,17525,1938,1455,3070,3616,1549,1162,777,3564,395,693,195,423,182,1119,660,1796,1346,1267,86,227,2613,342,131,13071
32,6702,2953,2204,14239,2402,1682,2497,3219,1773,1216,865,3941,405,740,207,463,191,1149,716,1898,1410,1032,95,253,2854,370,147,13293
33,5348,2916,2158,13994,2486,1751,2492,3249,1877,1311,909,4129,445,772,226,499,210,1247,695,2040,1475,996,102,282,3052,409,166,13826
34,5285,2702,2009,13020,2639,1860,2377,3115,1984,1399,969,4339,467,810,246,525,208,1328,735,2149,1574,940,108,326,3219,434,184,14257
35,5164,2489,1875,12317,2666,1903,2267,3118,1992,1468,990,4509,487,862,296,569,211,1398,770,2268,1661,876,115,360,3370,468,204,14681
36,4731,2330,1765,11866,2595,1943,2169,3064,2076,1517,1035,4719,514,914,318,617,208,1418,835,2436,1707,834,133,395,3520,502,236,15103
37,4556,2221,1634,11289,2583,1953,2158,3023,2119,1613,1036,4772,555,955,353,638,223,1451,906,2542,1815,785,151,423,3665,524,258,15445
38,4445,2084,1586,10743,2533,1958,2125,2988,2116,1644,1074,4863,596,1007,355,702,249,1501,910,2635,1898,731,170,456,3803,560,276,15784
39,4109,1951,1485,10458,2537,1910,2046,2906,2153,1733,1081,5014,636,1081,371,750,259,1531,944,2680,1969,714,187,491,3921,599,298,16124
40,3943,1912,1420,9954,2501,1917,1928,2924,2096,1799,1102,5096,666,1125,381,797,271,1572,942,2803,2074,679,214,530,4033,629,329,16447
41,3980,2123,1617,10692,2488,1862,2097,3082,2156,1799,1126,5094,702,1199,402,831,285,1654,962,2912,2157,736,227,588,4135,661,354,17012
42,4205,2210,1690,11548,2458,1852,2140,3224,2212,1792,1210,5289,697,1236,422,855,312,1646,1035,2994,2204,822,244,642,4241,690,377,17535
43,4451,2305,1819,12192,2503,1947,2321,3347,2234,1891,1215,5306,745,1275,439,884,330,1609,1067,3100,2245,875,271,685,4350,731,410,18084
44,4644,2476,1901,12647,2664,2054,2428,3525,2291,1937,1245,5370,792,1367,442,914,338,1619,1075,3156,2339,938,297,738,4480,756,434,18613
45,4995,2354,1707,11868,2696,2081,2318,3414,2371,2018,1242,5575,839,1434,448,954,347,1654,1132,3217,2382,904,315,781,4624,786,467,18962
46,4661,2238,1665,11550,2743,2119,2281,3402,2428,2016,1325,5655,836,1477,492,951,348,1677,1178,3292,2463,886,355,822,4775,817,501,19337
47,4424,2155,1641,11341,2647,2106,2220,3363,2482,2092,1328,5762,883,1499,509,950,381,1718,1250,3418,2502,795,378,885,4929,846,525,19666
48,4344,2117,1604,10871,2648,2137,2183,3347,2480,2095,1348,5804,875,1566,513,1031,372,1742,1294,3583,2580,767,403,935,5041,878,562,19980
49,4268,2019,1480,10352,2655,2067,2079,3330,2442,2135,1378,5892,863,1599,512,1093,392,1832,1321,3668,2655,753,434,999,5161,914,601,20243
50,4114,1896,1408,9896,2646,2063,1989,3314,2466,2214,1381,6062,891,1608,538,1117,409,1841,1335,3694,2658,781,464,1074,5233,953,640,20489
51,4019,1855,1341,9405,2606,2010,2041,3284,2447,2249,1402,6110,917,1627,571,1199,409,1839,1409,3716,2700,767,494,1122,5328,976,672,20696
52,3850,1745,1306,9121,2524,1989,2001,3292,2397,2244,1440,6119,920,1673,583,1233,430,1857,1434,3871,2736,755,519,1184,5420,998,704,20903
53,3694,1644,1233,8852,2473,1981,1930,3223,2439,2315,1434,6233,959,1687,606,1262,432,1868,1477,3906,2759,721,558,1251,5517,1024,735,21072
54,3543,3031,2336,15375,2436,1956,3003,4196,2457,2306,1464,6247,956,1728,643,1305,441,1850,1493,3950,2823,1199,582,1297,5620,1055,786,22655
55,5992,2621,1985,13307,2762,2136,2674,3784,2681,2336,1523,6420,1019,1794,634,1300,459,1858,1520,3971,2896,1043,610,1350,5795,1082,826,22834
56,5287,2652,2026,13409,2893,2201,2709,3933,2660,2371,1532,6497,1034,1828,657,1328,473,1899,1533,4098,2995,1071,640,1421,5947,1119,859,23377
57,5356,2548,2037,13236,2925,2277,2614,3933,2734,2462,1527,6663,1111,1895,663,1351,505,1895,1537,4139,3069,1071,670,1485,6103,1149,904,23827
58,5188,2419,1889,12594,2989,2271,2509,3812,2809,2468,1618,6857,1130,1945,697,1375,504,1943,1596,4244,3092,1005,700,1537,6263,1195,935,24102
59,4997,2253,1790,11991,2985,2301,2520,3795,2827,2554,1616,6899,1154,1963,722,1414,508,1993,1584,4317,3153,996,735,1609,6393,1231,983,24403
60,4811,3249,2503,16294,2953,2275,3187,4418,2843,2592,1676,7007,1148,2026,735,1484,541,2039,1603,4446,3198,1279,755,1669,6528,1264,1024,25669
61,6331,2802,2214,14399,3174,2422,2922,4165,2979,2705,1701,7222,1215,2052,759,1487,545,2058,1656,4525,3189,1103,792,1734,6736,1314,1067,25948
62,5715,2759,2145,13894,3215,2494,2908,4236,3010,2759,1682,7412,1198,2137,767,1535,555,2100,1687,4646,3230,1071,827,1806,6917,1354,1108,26355
63,5520,2941,2269,15099,3256,2536,3033,4352,3068,2787,1767,7541,1211,2184,810,1581,586,2156,1684,4694,3321,1178,866,1879,7062,1398,1155,27126
64,5892,3100,2372,15737,3386,2552,3171,4568,3088,2739,1836,7666,1254,2220,824,1588,557,2219,1805,4714,3483,1253,907,1967,7226,1446,1211,27817
65,6209,3294,2477,16421,3536,2601,3262,4617,3249,2828,1849,7806,1276,2261,816,1630,550,2291,1839,4831,3559,1332,960,2046,7375,1490,1251,28480
66,6357,3033,2268,15502,3692,2660,3049,4501,3351,2849,1903,8032,1299,2273,822,1659,561,2357,1893,4941,3613,1260,1003,2122,7559,1530,1294,28854
67,6031,3028,2283,15477,3624,2824,3056,4625,3349,2965,1871,8195,1329,2294,849,1677,600,2341,1938,5039,3684,1219,1044,2197,7732,1570,1324,29344
68,6049,3019,2317,15529,3702,2830,3059,4668,3390,3068,1900,8358,1317,2375,888,1751,613,2407,1949,5087,3745,1205,1079,2268,7887,1624,1364,29860
69,6090,2960,2302,15606,3802,2834,3126,4738,3390,3174,1910,8466,1368,2417,889,1794,594,2462,1979,5232,3810,1199,1111,2328,8082,1681,1416,30347
70,6223,2890,2222,14967,3750,2847,3079,4763,3441,3261,1869,8540,1380,2490,939,1819,602,2511,2019,5366,3874,1157,1154,2408,8244,1727,1467,30741
71,6054,2789,2152,14495,3761,2881,3090,4787,3432,3254,1893,8732,1443,2516,987,1863,656,2528,2038,5406,3977,1144,1200,2473,8390,1769,1513,31170
72,5741,2731,2110,14350,3698,2863,3044,4696,3488,3326,1898,8752,1509,2555,1032,1853,663,2608,2059,5555,4084,1169,1237,2555,8520,1817,1560,31563
73,5742,2743,2110,14467,3730,2850,3100,4790,3445,3430,1909,8905,1532,2590,1036,1937,672,2590,2137,5614,4059,1163,1276,2644,8674,1869,1612,32003
74,5828,2669,1979,14197,3642,2888,3025,4696,3501,3398,2012,8964,1609,2671,1044,2021,694,2560,2147,5681,4223,1121,1308,2720,8836,1914,1657,32360
75,5617,2766,2070,14658,3626,2899,3053,4757,3539,3449,2084,9117,1622,2674,1050,2034,672,2568,2249,5795,4254,1156,1363,2822,8966,1952,1719,32888
76,5831,2815,2168,14864,3682,2895,3142,4806,3634,3481,2044,9200,1652,2746,1045,2067,698,2603,2262,5866,4326,1180,1413,2918,9116,1998,1777,33359
77,5834,2693,2080,14474,3692,2858,3070,4793,3675,3502,2065,9290,1687,2818,1048,2157,712,2615,2300,5923,4335,1197,1448,2996,9244,2039,1839,33657
78,5750,2601,2040,14077,3722,2890,2981,4813,3685,3445,2116,9509,1689,2807,1121,2160,725,2606,2306,5977,4395,1148,1501,3073,9394,2079,1905,33979
79,5742,2578,1979,13630,3704,2897,2915,4847,3601,3519,2126,9432,1746,2883,1130,2197,751,2628,2314,6123,4442,1116,1539,3165,9549,2130,1973,34291
80,5453,2509,1923,13340,3699,2826,2966,4784,3627,3503,2166,9553,1754,2947,1150,2271,770,2722,2319,6113,4516,1089,1593,3257,9694,2168,2040,34648
81,5541,2345,1807,12799,3575,2827,2857,4694,3672,3531,2136,9528,1830,3032,1184,2284,792,2703,2423,6208,4588,1056,1631,3339,9825,2220,2098,34875
82,5242,2620,1999,13910,3576,2823,3013,4958,3545,3564,2125,9632,1806,3094,1206,2345,803,2697,2455,6258,4609,1168,1661,3407,9952,2270,2148,35423
83,5491,2736,2151,14683,3608,2887,3182,5035,3612,3655,2100,9595,1817,3079,1236,2452,808,2656,2434,6381,4601,1273,1715,3537,10058,2303,2216,35917
84,5903,2582,1985,14013,3663,2917,3068,4958,3666,3639,2210,9690,1866,3140,1251,2431,814,2607,2519,6490,4620,1258,1779,3613,10194,2340,2268,36169
85,5672,2539,1938,13806,3638,2874,2992,4905,3761,3614,2226,9872,1891,3121,1247,2461,861,2667,2474,6551,4656,1259,1839,3726,10314,2392,2314,36478
86,5479,2459,1857,13495,3707,2897,3010,4852,3801,3686,2227,9799,1916,3211,1222,2481,858,2703,2531,6610,4722,1243,1884,3825,10479,2439,2379,36751
87,5562,2505,1940,13922,3657,2846,3091,5013,3695,3758,2204,9906,1920,3200,1214,2470,832,2705,2643,6772,4761,1213,1949,3944,10636,2494,2461,37146
88,5469,2690,2011,14469,3692,2912,3145,5079,3839,3725,2198,9997,1917,3326,1228,2516,829,2717,2626,6721,4822,1250,2006,4042,10790,2534,2526,37573
89,5857,2710,2060,14742,3719,2933,3266,5086,3853,3757,2216,9959,1965,3294,1254,2539,832,2765,2639,6885,4920,1237,2045,4155,10959,2556,2589,38047
90,6023,2805,2222,15184,3811,2973,3359,5150,3896,3731,2289,10149,1965,3295,1280,2605,833,2770,2675,6900,4920,1247,2106,4251,11108,2610,2660,38466
91,6296,2649,2044,14554,3808,2971,3286,5088,3905,3804,2280,10235,1976,3253,1314,2702,841,2787,2680,7004,4990,1170,2148,4349,11265,2665,2712,38695
92,5910,2597,2017,14260,3802,2994,3286,5105,3865,3850,2293,10261,1958,3399,1289,2747,858,2753,2738,7100,4927,1172,2196,4446,11389,2721,2770,38956
93,5808,3011,2294,16083,3826,2971,3505,5389,3894,3855,2271,10482,1994,3428,1335,2733,875,2805,2763,7035,5036,1290,2245,4549,11535,2782,2812,39585
94,6470,3352,2494,17234,3802,3007,3713,5514,3968,3937,2304,10743,1995,3465,1341,2739,869,2846,2830,7050,5020,1380,2278,4645,11696,2820,2894,40317
95,6874,3117,2287,16217,4012,3116,3633,5378,4023,3916,2366,10806,2028,3486,1357,2758,874,2840,2817,7176,5096,1353,2351,4754,11870,2876,2958,40647
96,6573,3030,2171,15714,4077,3147,3623,5411,4004,4013,2365,10923,2076,3523,1380,2692,901,2909,2858,7253,5061,1341,2397,4870,11995,2927,3017,40998
97,6322,2985,2197,15859,4156,3118,3622,5369,4060,3980,2426,10893,2135,3498,1456,2658,919,2981,2863,7396,5188,1332,2448,4970,12165,2989,3076,41445
98,6410,3036,2148,15601,4232,3174,3619,5467,4045,4031,2452,11005,2126,3477,1470,2778,943,2990,2866,7422,5217,1378,2502,5077,12297,3041,3135,41824
99,6366,2946,2168,15624,4255,3168,3570,5456,4126,4105,2411,11219,2153,3616,1451,2775,935,3061,2927,7471,5136,1365,2547,5178,12495,3104,3206,42186
100,6231,2936,2231,15742,4263,3177,3530,5524,4130,4189,2307,11345,2145,3683,1470,2846,971,3064,2962,7525,5218,1387,2599,5273,12642,3141,3259,42487
101,6409,2809,2075,14971,4203,3221,3462,5437,4172,4161,2357,11316,2137,3763,1440,2855,991,3113,2981,7702,5329,1336,2658,5382,12807,3193,3325,42672
102,6078,2692,2023,14726,4194,3205,3409,5361,4190,4122,2410,11352,2147,3779,1464,2835,968,3088,3107,7815,5473,1331,2709,5478,12965,3233,3392,42952
103,6007,2674,2049,14837,4137,3284,3398,5422,4161,4236,2408,11393,2195,3807,1448,2918,1004,3113,3027,7937,5506,1313,2765,5570,13120,3270,3468,43337
104,5868,2625,1948,14529,4056,3263,3366,5386,4167,4235,2451,11433,2258,3927,1444,2956,1011,3146,3052,7939,5574,1251,2819,5682,13295,3325,3535,43583
105,5898,2499,1845,14008,4037,3237,3244,5310,4207,4243,2444,11663,2284,3916,1506,3002,1034,3190,3086,7848,5596,1225,2859,5802,13399,3368,3603,43771
106,5741,2429,1801,13630,4059,3224,3204,5360,4180,4159,2501,11674,2319,3975,1539,2993,1026,3143,3096,7866,5625,1229,2938,5893,13493,3412,3694,43921
107,5513,2412,1776,13297,4055,3207,3216,5340,4138,4304,2467,11566,2363,3936,1579,2999,1021,3159,3105,7965,5637,1222,2999,6027,13590,3460,3760,44011
108,5609,2560,1809,13505,4027,3146,3295,5314,4149,4275,2570,11712,2365,4031,1608,2993,1034,3190,3137,7901,5596,1247,3058,6130,13702,3513,3835,44310
109,5743,2445,1740,13210,3967,3099,3211,5302,4056,4338,2565,11754,2350,4045,1651,3092,1049,3212,3096,7895,5623,1259,3124,6236,13816,3581,3897,44465
110,5559,2562,1862,13778,3884,3071,3251,5406,4001,4421,2546,11800,2350,3981,1701,3043,1061,3202,3162,8059,5570,1273,3192,6344,13938,3651,3961,44748
111,5670,2482,1791,13124,3961,3105,3205,5341,3984,4401,2532,11907,2367,4014,1738,3118,1089,3180,3147,8023,5591,1243,3244,6449,14066,3699,4034,44872
112,5513,2532,1896,13650,3849,3080,3346,5324,4089,4361,2580,11828,2322,3995,1723,3212,1090,3174,3137,8181,5702,1297,3306,6596,14154,3768,4105,45189
113,5721,2617,1911,14017,3872,3139,3371,5257,4189,4415,2545,11804,2347,4057,1674,3258,1087,3157,3159,8162,5797,1306,3374,6680,14288,3805,4179,45433
114,5914,2680,1977,14146,3978,3209,3398,5318,4182,4449,2516,11791,2359,4092,1683,3268,1086,3154,3198,8222,5767,1294,3455,6779,14445,3850,4258,45775
115,5959,2531,1850,13670,4000,3200,3289,5281,4222,4393,2540,11917,2406,4105,1735,3194,1081,3239,3226,8191,5808,1292,3524,6887,14542,3902,4327,45932
116,5743,2904,2110,14900,3985,3223,3435,5519,4157,4345,2607,11953,2361,4171,1708,3289,1117,3256,3170,8256,5807,1397,3573,6998,14658,3943,4383,46458
117,6174,2724,2019,14012,4071,3302,3267,5462,4134,4403,2621,12088,2364,4209,1689,3344,1171,3200,3206,8279,5776,1314,3616,7110,14817,3994,4457,46603
118,5722,2635,2031,14118,3986,3279,3299,5421,4129,4436,2635,12052,2373,4273,1638,3346,1122,3174,3322,8407,5837,1325,3677,7221,14940,4058,4538,46824
119,5918,2596,1965,13694,4001,3230,3278,5408,4129,4448,2625,12073,2394,4187,1675,3353,1150,3240,3314,8419,6007,1315,3747,7344,15047,4090,4616,46967
120,5804,2541,1923,13528,3938,3254,3245,5433,4195,4440,2614,12139,2465,4233,1695,3323,1190,3185,3393,8466,5951,1322,3794,7432,15179,4147,4666,47182
121,5655,2525,1925,13470,3888,3192,3217,5437,4208,4432,2653,12183,2527,4278,1707,3374,1142,3217,3457,8426,5955,1258,3856,7537,15305,4213,4725,47362
122,5671,2458,1936,13423,3892,3182,3179,5370,4209,4452,2659,12093,2591,4323,1673,3370,1175,3224,3453,8427,6060,1262,3936,7631,15416,4251,4794,47461
123,5576,2401,1848,13092,3903,3112,3162,5327,4282,4469,2606,12148,2602,4376,1715,3451,1169,3273,3447,8479,5975,1257,3991,7712,15487,4303,4878,47540
124,5413,2319,1862,12790,3917,3154,3161,5419,4286,4466,2612,12155,2632,4340,1790,3449,1183,3237,3470,8463,5942,1270,4030,7833,15575,4354,4950,47644
125,5382,2273,1754,12511,3894,3190,3195,5365,4295,4477,2634,12277,2668,4333,1799,3539,1179,3222,3380,8417,6010,1241,4088,7928,15704,4397,5028,47671
126,5211,2280,1789,12505,3880,3197,3147,5387,4286,4478,2613,12205,2728,4341,1799,3503,1194,3138,3468,8461,6115,1239,4142,8022,15805,4458,5090,47802
127,5432,2201,1703,12317,3898,3161,3161,5367,4330,4439,2631,12179,2741,4434,1763,3518,1203,3167,3466,8502,6052,1245,4203,8131,15878,4505,5152,47936
128,5181,2283,1716,12493,3818,3038,3164,5348,4323,4411,2620,12189,2721,4465,1779,3527,1193,3220,3511,8550,6071,1208,4279,8228,15992,4569,5232,48018
129,5437,2146,1636,12042,3744,3066,3031,5289,4213,4457,2682,12373,2696,4478,1790,3533,1209,3241,3508,8554,5982,1195,4335,8347,16079,4618,5305,48161
130,5096,2171,1696,12184,3748,3063,3097,5208,4136,4536,2732,12269,2690,4428,1848,3511,1205,3251,3516,8678,5969,1207,4402,8440,16164,4671,5367,48306
131,5189,2111,1615,11849,3795,3050,3044,5152,4223,4554,2674,12162,2652,4481,1848,3556,1229,3226,3523,8703,6031,1208,4448,8546,16221,4710,5434,48355
132,4867,2136,1584,11915,3753,3037,3020,5123,4274,4535,2680,12316,2646,4458,1837,3619,1252,3221,3494,8609,6046,1229,4491,8666,16309,4762,5509,48441
133,5087,2124,1567,11731,3788,2978,3000,5055,4192,4557,2693,12306,2659,4482,1841,3712,1274,3243,3455,8613,6062,1286,4547,8755,16376,4809,5573,48489
134,4995,2080,1614,11787,3821,2968,3061,5076,4154,4533,2680,12287,2688,4404,1905,3718,1290,3164,3529,8570,6132,1241,4602,8854,16482,4842,5654,48548
135,5035,2106,1596,11727,3776,2972,3097,5107,4233,4599,2555,12305,2700,4514,1853,3773,1274,3139,3587,8534,6058,1202,4650,8937,16586,4893,5711,48585
136,5066,2032,1557,11571,3760,2956,3107,5159,4139,4533,2586,12200,2682,4545,1935,3700,1274,3106,3636,8601,6015,1184,4719,9039,16641,4949,5788,48624
137,4903,2149,1640,12048,3743,2951,3107,5220,4097,4539,2584,12141,2591,4568,1918,3777,1245,3137,3579,8660,6108,1191,4773,9135,16755,5004,5890,48804
138,5131,2078,1590,11750,3706,2939,2996,5030,4238,4555,2580,12204,2625,4673,1872,3773,1272,3176,3647,8683,5970,1173,4818,9239,16832,5028,5941,48832
139,4861,2074,1591,11631,3703,3004,3006,5041,4263,4439,2595,12266,2597,4731,1841,3819,1276,3113,3667,8677,5958,1153,4876,9353,16936,5061,6018,48895
140,4998,2028,1546,11438,3758,2981,3027,5118,4145,4577,2551,12165,2619,4617,1878,3806,1248,3083,3772,8792,5996,1134,4922,9467,17040,5091,6079,48944
141,4872,2042,1509,11315,3671,2914,2984,5116,4090,4526,2573,12105,2707,4622,1911,3729,1281,3182,3689,8808,6114,1178,4996,9550,17092,5136,6171,48937
142,4915,1998,1469,11085,3635,2935,2988,5029,4125,4639,2522,12167,2695,4572,1903,3796,1300,3179,3638,8765,6121,1176,5046,9636,17143,5174,6244,48925
143,4767,1967,1477,10977,3614,2909,2989,5019,4088,4590,2583,12314,2754,4596,1895,3752,1288,3141,3699,8617,6102,1129,5097,9726,17228,5205,6344,48953
144,4732,1927,1441,11081,3601,2821,3000,4982,4144,4435,2590,12255,2736,4567,1906,3793,1283,3148,3735,8687,6133,1172,5140,9840,17273,5237,6420,49002
145,4735,1921,1437,10938,3558,2897,2947,4893,4122,4507,2544,12206,2750,4593,1902,3782,1268,3142,3672,8733,6174,1141,5194,9921,17361,5293,6512,49012
146,4737,1895,1410,10682,3629,2917,2931,4962,4136,4491,2486,12238,2751,4585,1902,3807,1286,3181,3627,8670,6174,1150,5252,10009,17425,5311,6578,49007
147,4718,1827,1359,10602,3600,2874,2892,4969,4114,4453,2559,12370,2732,4579,1962,3759,1311,3204,3644,8521,6154,1136,5317,10104,17496,5341,6673,48997
148,4708,1775,1316,10546,3522,2826,2909,4884,4080,4464,2582,12247,2723,4589,1919,3825,1312,3226,3596,8562,6282,1155,5382,10182,17545,5410,6743,48995
149,4491,1826,1349,10414,3498,2849,2917,4815,4129,4482,2517,12164,2704,4594,1880,3821,1306,3208,3629,8652,6333,1186,5458,10252,17581,5449,6799,49040
150,4542,1821,1374,10223,3486,2821,2875,4814,4093,4503,2497,12112,2724,4661,1894,3828,1307,3238,3617,8636,6233,1202,5521,10330,17630,5472,6876,49051
151,4617,1801,1384,10236,3487,2810,2772,4802,4022,4500,2508,11979,2703,4694,1904,3744,1367,3246,3575,8801,6242,1187,5590,10407,17675,5497,6941,48998
152,4422,1787,1385,10152,3530,2819,2824,4777,4046,4498,2482,12026,2761,4644,1975,3753,1340,3160,3595,8764,6156,1210,5640,10476,17734,5530,7036,48967
153,4538,2448,1824,13222,3455,2842,3325,5159,4000,4533,2455,12000,2719,4654,2027,3745,1344,3155,3611,8752,6181,1407,5690,10546,17780,5575,7090,49594
154,5502,2285,1690,12688,3579,2984,3203,5194,4010,4593,2437,12123,2660,4651,2019,3759,1313,3126,3662,8754,6103,1353,5758,10666,17891,5612,7159,49666
155,5437,2167,1637,12384,3715,3053,3200,5119,4055,4474,2521,12045,2696,4679,1968,3794,1338,3065,3662,8697,6149,1364,5814,10817,17967,5652,7247,49724
156,5233,2101,1626,12229,3741,2995,3199,5079,4090,4409,2565,12057,2725,4695,1974,3828,1369,3157,3630,8600,6188,1264,5854,10939,18096,5686,7321,49790
157,5170,2243,1720,12592,3766,2996,3207,5173,4156,4444,2512,12260,2743,4695,1983,3790,1389,3197,3669,8566,6139,1306,5922,10994,18171,5713,7375,49965
158,5327,2213,1653,12309,3785,3016,3124,5129,4196,4427,2502,12276,2688,4686,1971,3850,1397,3239,3645,8590,6169,1354,5995,11079,18213,5757,7448,50070
159,5248,2213,1698,12642,3814,3040,3124,5121,4201,4453,2521,12211,2722,4600,1981,3827,1364,3177,3735,8668,6237,1365,6050,11156,18312,5769,7535,50209
160,5346,2254,1699,12686,3780,3093,3210,5149,4138,4444,2614,12225,2756,4630,1981,3851,1407,3167,3674,8581,6296,1391,6118,11238,18420,5812,7603,50315
161,5417,2392,1855,13251,3712,3103,3410,5274,4145,4458,2631,12238,2704,4637,2038,3952,1387,3237,3666,8654,6201,1419,6153,11297,18521,5850,7667,50555
162,5571,2536,1916,13580,3813,3091,3488,5335,4085,4576,2634,12226,2735,4749,1982,3929,1378,3280,3658,8612,6257,1457,6239,11364,18602,5892,7753,50843
163,5782,2726,1918,13904,3877,3105,3531,5393,4121,4552,2662,12299,2702,4734,2042,3904,1383,3281,3709,8662,6247,1482,6303,11437,18704,5943,7840,51095
164,6055,2701,2024,14249,3936,3156,3568,5432,4270,4540,2588,12331,2786,4681,2072,3952,1371,3322,3696,8662,6308,1532,6346,11516,18786,5970,7914,51331
165,6051,2653,1977,13803,3966,3176,3439,5474,4283,4597,2566,12409,2801,4744,2108,3934,1364,3405,3703,8712,6287,1528,6411,11555,18918,6013,7973,51478
166,5984,2525,1884,13451,3945,3218,3408,5503,4204,4605,2631,12476,2776,4817,2089,3900,1399,3389,3735,8843,6242,1470,6476,11608,19073,6049,8045,51633
167,5786,2459,1853,13205,4016,3212,3467,5476,4273,4586,2634,12331,2781,4875,2065,3992,1392,3388,3740,8869,6344,1444,6523,11680,19196,6101,8115,51712
168,5596,2382,1820,13055,3939,3266,3333,5506,4230,4601,2623,12555,2766,4827,2094,3944,1356,3364,3833,8969,6239,1430,6577,11767,19317,6141,8188,51799
169,5582,2271,1838,12796,3980,3321,3172,5414,4249,4614,2666,12556,2791,4796,2082,3965,1373,3285,3849,8998,6280,1406,6633,11880,19421,6193,8244,51864
170,5481,2268,1773,12577,3962,3307,3185,5378,4285,4617,2632,12738,2802,4834,2079,3986,1344,3326,3865,8917,6228,1372,6683,11967,19501,6223,8325,51866
171,5356,2243,1691,12377,3930,3231,3192,5365,4338,4520,2683,12721,2770,4815,2054,4088,1373,3429,3823,8986,6250,1348,6734,12049,19576,6261,8391,51929
172,5324,2182,1687,12180,3951,3280,3180,5292,4371,4526,2607,12713,2804,4832,2093,4067,1394,3365,3843,8990,6263,1346,6798,12147,19647,6281,8479,51977
173,5210,2130,1639,12197,3872,3167,3232,5270,4326,4578,2611,12603,2832,4772,2096,4136,1417,3463,3802,9031,6387,1355,6824,12230,19710,6295,8560,51970
174,5248,2103,1588,12012,3833,3170,3108,5269,4311,4653,2587,12632,2887,4906,2073,4104,1408,3451,3876,8928,6385,1334,6861,12333,19783,6340,8631,52014
175,5073,2128,1578,11907,3825,3110,3136,5235,4291,4672,2596,12643,2949,4981,2076,4024,1426,3469,3948,8848,6412,1318,6912,12394,19871,6404,8682,52099
176,5083,2111,1507,11717,3790,3172,3085,5268,4215,4619,2570,12546,2887,5039,2084,4067,1475,3469,3897,9022,6473,1328,6945,12463,19938,6434,8748,52110
177,5103,2027,1474,11577,3719,3172,3057,5177,4256,4569,2639,12555,2912,5133,2088,4010,1434,3433,3988,9064,6389,1381,7004,12542,19979,6467,8845,52123
178,4885,2024,1497,11399,3769,3156,3056,5124,4280,4612,2663,12550,2846,5056,2125,4100,1471,3458,3919,9063,6453,1369,7029,12648,20039,6520,8901,52160
179,4907,2132,1563,11742,3733,3090,3116,5108,4279,4678,2648,12518,2884,5002,2075,4063,1503,3540,3928,9197,6437,1343,7079,12741,20128,6554,8953,52217
180,5089,2380,1813,13185,3773,3109,3288,5360,4233,4697,2581,12501,2906,5025,2124,4051,1539,3483,3946,9198,6428,1431,7123,12867,20204,6577,9022,52596
181,5584,2634,2046,14262,3836,3158,3449,5606,4252,4694,2549,12371,2976,5020,2094,4045,1554,3412,3955,9225,6563,1489,7191,12954,20295,6633,9105,52948
182,5954,2880,2290,15260,3926,3200,3673,5717,4342,4639,2576,12545,3009,5062,2103,4096,1487,3420,3995,9152,6546,1581,7234,13016,20384,6667,9197,53320
183,6395,3047,2447,16157,4127,3320,3801,5889,4390,4615,2630,12695,2965,5051,2084,4094,1537,3402,3991,9221,6522,1675,7266,13107,20506,6693,9264,53751
184,6855,2838,2296,15429,4266,3356,3656,5644,4513,4659,2674,12904,2953,5082,2079,4155,1538,3458,4014,9072,6487,1686,7291,13194,20588,6732,9321,53919
185,6450,2821,2221,15127,4264,3366,3611,5677,4462,4695,2661,13053,3008,5103,2128,4104,1547,3531,4015,9169,6451,1655,7342,13270,20725,6778,9391,54051
186,6299,2736,2122,14677,4447,3401,3572,5571,4568,4744,2672,13103,3016,5131,2075,4063,1487,3553,4080,9184,6533,1654,7397,13367,20829,6816,9497,54237
187,6203,2631,2089,14548,4409,3430,3585,5534,4606,4755,2687,13182,2981,5067,2079,4141,1516,3603,4067,9231,6598,1621,7440,13448,20958,6862,9568,54382
188,6015,2592,2037,14401,4414,3446,3498,5561,4539,4780,2676,13186,2988,5135,2073,4156,1497,3616,4056,9195,6761,1553,7485,13515,21082,6904,9650,54461
189,6077,2508,1949,13997,4386,3446,3428,5463,4615,4810,2663,13429,2970,5141,2100,4186,1524,3711,3988,9171,6691,1545,7547,13630,21193,6951,9714,54511
190,5911,2409,1845,13741,4372,3493,3359,5534,4548,4838,2653,13500,3004,5132,2152,4035,1530,3736,4151,9345,6646,1522,7582,13701,21321,6982,9768,54606
191,5697,2392,1812,13590,4321,3522,3437,5572,4508,4821,2697,13267,2972,5208,2129,4067,1606,3637,4224,9458,6768,1530,7626,13762,21390,7012,9805,54658
192,5671,2489,1910,14191,4213,3508,3554,5669,4457,4827,2756,13317,2979,5150,2121,4109,1595,3668,4196,9564,6847,1555,7679,13856,21493,7053,9898,54909
193,6102,2582,1950,14340,4245,3541,3638,5606,4519,4856,2818,13377,2971,5147,2158,4165,1570,3675,4180,9573,6834,1606,7739,13948,21571,7111,9990,55168
194,6204,2474,1925,13829,4246,3466,3555,5584,4503,4870,2804,13479,2983,5187,2135,4157,1583,3693,4221,9683,6863,1604,7807,14012,21652,7164,10069,55237
195,5860,2464,1906,13717,4222,3412,3523,5628,4451,4971,2749,13488,3024,5201,2178,4166,1576,3757,4255,9668,6871,1567,7844,14106,21772,7222,10145,55353
196,5813,2476,1793,13409,4180,3424,3471,5512,4534,4936,2784,13770,3025,5258,2156,4149,1623,3731,4241,9577,6865,1584,7880,14172,21854,7277,10184,55456
197,5698,2458,1755,13176,4234,3491,3398,5535,4518,4884,2788,13638,2981,5249,2180,4241,1641,3701,4265,9676,6965,1575,7931,14235,21932,7321,10221,55485
198,5807,2339,1752,12860,4177,3466,3416,5550,4456,4893,2805,13633,2981,5285,2185,4253,1624,3793,4227,9718,6936,1604,7971,14329,21984,7364,10292,55510
199,5575,2300,1762,12741,4174,3446,3434,5573,4481,4896,2778,13490,2937,5324,2215,4276,1620,3774,4302,9918,6886,1603,8005,14402,22049,7422,10363,55613
200,5523,2297,1768,12547,4086,3474,3405,5546,4431,4960,2804,13744,2994,5333,2203,4307,1628,3776,4313,9835,6764,1553,8048,14479,22140,7469,10449,55632
201,5483,2296,1753,12837,4102,3393,3367,5472,4542,4968,2738,13698,3033,5346,2219,4362,1638,3838,4346,9786,6893,1516,8097,14559,22221,7496,10517,55765
202,5555,2308,1769,12959,4061,3347,3422,5538,4457,4980,2790,13647,3060,5410,2238,4391,1698,3832,4284,9814,6952,1519,8137,14617,22323,7505,10592,55849
203,5585,2253,1730,12775,4022,3423,3309,5556,4450,4971,2710,13681,3080,5420,2234,4461,1643,3804,4324,9723,7049,1489,8196,14682,22421,7573,10633,55863
204,5453,2197,1676,12694,3951,3443,3241,5515,4444,4981,2709,13693,3032,5506,2182,4518,1703,3752,4332,9842,6988,1481,8252,14763,22506,7638,10678,55896
205,5399,2213,1584,12493,4014,3414,3226,5401,4533,4987,2761,13652,3105,5408,2283,4409,1715,3764,4334,9879,7029,1472,8301,14829,22574,7695,10735,55863
206,5365,2162,1603,12234,4039,3395,3214,5341,4552,4970,2792,13639,3180,5408,2275,4421,1687,3776,4365,9805,7034,1457,8354,14919,22633,7735,10833,55890
207,5310,2172,1565,12147,4059,3392,3254,5328,4518,5022,2763,13744,3188,5451,2282,4394,1641,3704,4461,9705,6967,1447,8377,14987,22702,7798,10901,55898
208,5240,2181,1574,12121,3985,3390,3277,5362,4426,4912,2871,13683,3210,5375,2327,4378,1644,3740,4397,9732,7027,1441,8414,15085,22757,7831,11005,55865
209,5256,2242,1646,12719,3901,3342,3347,5476,4383,4889,2878,13507,3211,5430,2238,4445,1632,3743,4386,9907,7055,1480,8474,15166,22817,7860,11102,55956
210,5500,2216,1597,12442,3909,3353,3358,5405,4412,4912,2853,13453,3148,5473,2254,4556,1588,3703,4345,9943,6990,1423,8507,15234,22927,7912,11189,55943
211,5437,2162,1587,12359,3894,3321,3382,5368,4348,4980,2826,13629,3203,5438,2262,4569,1610,3677,4401,9755,6982,1409,8551,15319,22997,7965,11235,55936
212,5382,2140,1585,12168,3933,3372,3340,5356,4360,4973,2823,13542,3208,5393,2290,4497,1617,3656,4467,9866,6961,1433,8600,15413,23080,8007,11295,55902
213,5334,2138,1589,12100,3999,3320,3263,5399,4310,4938,2797,13438,3228,5503,2236,4570,1598,3665,4480,9756,7051,1413,8637,15491,23153,8072,11385,55853
214,5291,2293,1706,13090,3985,3251,3381,5460,4298,5005,2798,13472,3342,5532,2300,4512,1642,3693,4383,9713,6960,1526,8712,15607,23188,8116,11448,56069
215,5543,2294,1690,12979,4009,3265,3380,5437,4349,4994,2807,13546,3328,5529,2300,4570,1644,3700,4357,9773,6849,1479,8732,15675,23290,8160,11508,56123
216,5550,2260,1648,12866,3995,3228,3375,5444,4396,4870,2831,13581,3273,5518,2416,4564,1628,3718,4452,9704,6919,1488,8779,15714,23365,8227,11544,56144
217,5533,2192,1615,12779,3962,3316,3376,5385,4395,4878,2829,13611,3299,5561,2404,4599,1716,3637,4370,9737,6936,1524,8802,15779,23401,8254,11591,56203
218,5452,2175,1658,12623,4010,3359,3358,5283,4394,4940,2795,13743,3346,5567,2363,4655,1673,3590,4389,9639,6958,1552,8849,15837,23439,8311,11660,56253
219,5262,2173,1664,12630,3983,3306,3373,5263,4373,4919,2844,13647,3331,5613,2392,4661,1716,3675,4295,9637,6993,1509,8895,15939,23566,8330,11742,56327
220,5405,2136,1633,12468,4009,3288,3357,5287,4330,4944,2821,13615,3320,5586,2395,4652,1679,3695,4322,9684,7007,1474,8935,16025,23650,8394,11810,56324
221,5314,2116,1651,12308,3974,3318,3373,5291,4340,4903,2799,13450,3284,5658,2394,4630,1704,3682,4339,9838,7073,1421,8961,16070,23734,8414,11886,56320
222,5403,2056,1596,12129,3984,3274,3259,5172,4362,4984,2779,13603,3252,5672,2334,4665,1658,3696,4400,9892,7028,1398,9004,16110,23776,8471,11950,56338
223,5236,2131,1657,12390,3915,3201,3400,5316,4281,4969,2806,13495,3248,5693,2353,4625,1672,3775,4424,9960,7054,1462,9045,16178,23813,8501,12022,56383
224,5362,2171,1600,12315,3844,3279,3382,5249,4330,4907,2790,13570,3319,5687,2320,4636,1739,3731,4359,9884,7065,1508,9086,16254,23831,8529,12087,56396
225,5120,2170,1599,12328,3861,3337,3371,5219,4418,4894,2773,13632,3345,5640,2311,4640,1726,3721,4368,9906,7019,1475,9145,16341,23913,8582,12152,56410
226,5397,2124,1650,11987,3877,3333,3333,5257,4386,4892,2763,13640,3383,5614,2358,4601,1735,3721,4374,9968,6901,1470,9182,16428,23959,8624,12225,56420
227,5321,2154,1676,12047,3810,3340,3329,5218,4370,4923,2797,13647,3310,5688,2424,4642,1733,3726,4340,10031,6826,1515,9242,16454,24007,8668,12313,56471
228,5345,2261,1697,12306,3865,3295,3325,5245,4391,4911,2783,13593,3274,5731,2367,4678,1683,3735,4453,10047,6851,1545,9307,16525,24048,8709,12388,56537
229,5321,2274,1680,12414,3912,3274,3386,5247,4461,4825,2809,13485,3203,5815,2344,4683,1666,3712,4563,10033,6929,1564,9361,16598,24088,8749,12464,56630
230,5364,2271,1755,12854,3975,3292,3384,5315,4376,4925,2756,13599,3238,5685,2405,4763,1712,3712,4438,9957,6902,1557,9412,16672,24179,8776,12541,56728
231,5448,2246,1719,12662,3916,3302,3361,5350,4348,4920,2742,13708,3264,5739,2365,4829,1738,3717,4430,9959,6890,1510,9439,16698,24276,8811,12576,56737
232,5527,2229,1709,12490,3927,3326,3385,5296,4314,4996,2719,13603,3362,5782,2364,4852,1722,3696,4406,9844,6949,1493,9478,16757,24340,8864,12647,56780
233,5363,2182,1720,12466,3947,3327,3405,5377,4291,4970,2726,13506,3375,5641,2384,4797,1691,3673,4458,9998,6994,1494,9531,16875,24418,8909,12700,56796
234,5418,2184,1663,12241,4045,3415,3328,5379,4339,4872,2771,13496,3358,5592,2434,4792,1730,3585,4466,10080,7010,1474,9563,16923,24504,8949,12769,56815
235,5417,2182,1664,12182,3954,3331,3328,5356,4330,4866,2738,13517,3348,5745,2392,4839,1720,3637,4519,10004,6984,1447,9620,17031,24577,8973,12846,56829
236,5388,2231,1678,12200,4010,3359,3378,5321,4437,4832,2701,13672,3342,5692,2400,4835,1718,3631,4535,9946,6911,1453,9656,17124,24656,8990,12909,56888
237,5365,2213,1714,12335,4045,3316,3378,5390,4436,4863,2663,13561,3366,5584,2500,4713,1754,3660,4524,10018,7014,1486,9743,17185,24728,9023,12974,56962
238,5262,2247,1687,12314,4049,3418,3360,5387,4351,4856,2673,13410,3412,5625,2478,4725,1790,3625,4437,10065,7125,1511,9789,17238,24759,9063,13030,57001
239,5309,2178,1637,12408,3951,3392,3311,5298,4433,4779,2743,13693,3384,5625,2384,4748,1804,3647,4424,10010,7059,1453,9842,17317,24867,9103,13115,56947
240,5424,2195,1632,12232,3898,3316,3314,5270,4346,4883,2765,13749,3308,5704,2375,4785,1799,3612,4512,10074,6956,1496,9880,17371,24859,9159,13182,56939
241,5337,2189,1599,12282,3939,3307,3282,5212,4350,4905,2768,13780,3360,5615,2404,4795,1827,3645,4423,10070,6972,1469,9926,17464,24924,9216,13242,57002
242,5353,2130,1550,12231,3912,3294,3247,5217,4335,4842,2831,13832,3330,5635,2421,4726,1809,3660,4508,10102,6930,1497,9968,17534,24975,9236,13310,57033
243,5268,2167,1583,12276,3905,3247,3251,5281,4312,4778,2832,13871,3345,5684,2401,4703,1816,3673,4523,10040,6927,1553,10001,17609,24967,9273,13387,57081
244,5353,2218,1610,12014,3910,3282,3307,5247,4340,4869,2797,13818,3293,5717,2405,4615,1850,3708,4503,10040,6980,1556,10043,17696,25010,9327,13460,57115
245,5223,2210,1641,12079,3925,3309,3374,5253,4368,4982,2670,13837,3306,5832,2332,4792,1850,3673,4393,10018,6905,1537,10043,17763,25098,9347,13534,57118
246,5369,2171,1662,12085,3912,3279,3359,5273,4360,4997,2648,13750,3295,5756,2411,4749,1821,3681,4509,10143,6915,1545,10056,17814,25149,9373,13569,57061
247,5324,2184,1679,12028,3939,3349,3298,5226,4469,4885,2675,13869,3322,5758,2402,4782,1808,3689,4406,10048,6976,1522,10098,17924,25224,9410,13650,57068
248,5340,2146,1654,11830,4006,3255,3266,5248,4436,4871,2694,13860,3268,5765,2368,4790,1765,3727,4470,10059,7007,1506,10166,17988,25273,9458,13716,57080
249,5207,2194,1689,12189,3925,3240,3370,5311,4438,4857,2668,13904,3261,5755,2444,4797,1794,3796,4444,10022,6943,1551,10203,18040,25296,9469,13768,57145
250,5224,2249,1670,12150,4008,3289,3371,5313,4358,4928,2707,13843,3271,5711,2443,4833,1838,3719,4498,10117,6919,1574,10226,18063,25332,9497,13825,57268
251,5314,2263,1662,11990,4011,3346,3391,5343,4354,4888,2714,13848,3252,5693,2486,4817,1862,3679,4566,10118,6922,1551,10241,18142,25425,9498,13881,57267
252,5309,2273,1681,12032,3964,3360,3383,5247,4423,4855,2750,13703,3277,5772,2520,4796,1830,3700,4601,10156,6938,1513,10280,18185,25506,9536,13959,57255
253,5326,2228,1662,12047,3924,3363,3322,5387,4407,4760,2737,13690,3333,5834,2494,4829,1821,3709,4602,10133,7047,1501,10307,18232,25547,9542,14035,57260
254,5369,2198,1638,12004,3874,3386,3305,5369,4456,4716,2751,13766,3330,5792,2494,4774,1803,3770,4633,10174,7007,1563,10329,18302,25547,9588,14108,57308
255,5240,2156,1644,11844,3880,3405,3304,5404,4436,4727,2698,13784,3351,5792,2439,4787,1774,3750,4740,10093,7121,1531,10375,18370,25638,9616,14174,57300
256,5242,2163,1642,11948,3860,3382,3209,5388,4423,4756,2689,13799,3377,5749,2425,4842,1817,3820,4676,10148,7133,1498,10397,18442,25733,9648,14226,57276
257,5221,2113,1675,11903,3910,3344,3287,5494,4345,4854,2693,13650,3361,5731,2431,4785,1851,3820,4683,10158,7140,1490,10473,18513,25799,9722,14279,57318
258,5218,2095,1569,11967,3863,3380,3246,5429,4422,4839,2719,13773,3416,5645,2436,4806,1839,3802,4672,10085,7140,1506,10519,18576,25854,9769,14346,57298
259,5172,2035,1528,12001,3869,3435,3179,5437,4427,4906,2694,13709,3424,5643,2419,4864,1823,3739,4653,10096,7150,1471,10549,18620,25921,9814,14460,57318
260,5160,2033,1504,11949,3847,3386,3172,5417,4371,4858,2747,13870,3379,5607,2432,4941,1840,3810,4622,10003,7147,1508,10581,18675,25961,9854,14522,57287
261,5273,2087,1472,11683,3956,3380,3190,5295,4428,4887,2771,13850,3388,5657,2476,4925,1826,3847,4575,10016,7024,1500,10635,18706,26037,9919,14577,57230
262,5137,2100,1478,11668,3937,3422,3237,5263,4457,4892,2791,13756,3301,5577,2522,4895,1850,3849,4546,10151,7045,1496,10685,18772,26088,9931,14669,57197
263,5150,2144,1567,11838,3928,3387,3209,5287,4400,4877,2773,13711,3379,5680,2491,4868,1855,3853,4618,10157,7065,1530,10691,18800,26116,9991,14722,57226
264,5240,2173,1625,11981,3835,3359,3223,5399,4339,4930,2739,13719,3398,5700,2535,4915,1872,3849,4576,10087,7103,1528,10716,18824,26146,10042,14800,57186
265,5257,2130,1608,11995,3891,3352,3121,5291,4376,4859,2742,13674,3371,5805,2458,4868,1919,3812,4636,10221,7175,1531,10708,18857,26202,10084,14859,57214
266,5207,2098,1592,11944,3882,3282,3161,5221,4413,4807,2752,13704,3408,5751,2435,4892,1878,3889,4639,10183,7250,1575,10765,18938,26258,10131,14960,57178
267,5201,2079,1561,11904,3903,3316,3132,5252,4385,4903,2695,13762,3385,5795,2446,4955,1859,3918,4582,10194,7146,1542,10782,18971,26317,10180,15020,57185
268,5144,2074,1566,11885,3917,3367,3104,5246,4443,4954,2699,13672,3306,5780,2436,5018,1886,3788,4650,10292,7075,1545,10822,19037,26351,10196,15087,57207
269,5187,2078,1567,11870,3928,3350,3132,5211,4369,5003,2700,13784,3329,5827,2430,4951,1909,3796,4719,10160,7056,1527,10851,19036,26424,10232,15147,57151
270,5188,2053,1555,11661,3903,3327,3211,5179,4363,4923,2768,13791,3383,5711,2446,4936,1927,3840,4735,10042,7178,1533,10907,19128,26462,10287,15201,57162
271,5069,2055,1541,11630,3830,3307,3203,5208,4343,4881,2776,13777,3401,5765,2439,4930,1950,3851,4716,10034,7202,1543,10947,19187,26487,10297,15270,57161
272,5193,2209,1645,12273,3871,3287,3371,5294,4365,4888,2739,13826,3353,5821,2386,4902,1927,3855,4761,10038,7076,1644,11006,19250,26480,10325,15342,57225
273,5382,2172,1573,12103,3874,3330,3331,5246,4396,4930,2727,13854,3331,5817,2357,4991,1913,3797,4767,10065,7058,1604,11044,19321,26551,10345,15405,57185
274,5297,2136,1580,12062,3964,3326,3397,5198,4416,4947,2745,13706,3386,5826,2303,5048,1914,3851,4714,10053,7051,1563,11090,19361,26628,10363,15495,57166
275,5335,2104,1604,12020,3908,3337,3238,5249,4397,5041,2692,13714,3418,5780,2335,4990,1942,3859,4713,10082,7066,1597,11118,19444,26668,10414,15521,57117
276,5235,2134,1615,11958,3932,3323,3298,5174,4463,4981,2701,13756,3440,5821,2374,4989,1964,3866,4625,10088,7011,1560,11137,19490,26756,10469,15583,57077
277,5338,2101,1606,11765,3920,3299,3260,5254,4393,4979,2696,13652,3451,5899,2320,4927,1916,3894,4733,10157,7046,1554,11167,19561,26800,10486,15648,57115
278,5118,2103,1541,11804,3974,3322,3269,5259,4392,4929,2787,13639,3513,5784,2370,4910,1913,3832,4779,10233,6994,1578,11203,19622,26843,10532,15708,57103
279,5168,2123,1539,11901,4014,3289,3351,5290,4320,4875,2790,13600,3520,5717,2423,4865,1884,3776,4889,10259,7084,1571,11240,19650,26923,10577,15789,57035
280,5232,2176,1559,12045,3953,3263,3411,5332,4323,4858,2770,13556,3473,5818,2369,4937,1917,3843,4780,10211,7139,1582,11283,19708,26973,10627,15844,57096
281,5330,2200,1546,11939,3900,3252,3347,5334,4269,4910,2708,13717,3462,5760,2393,4914,1950,3777,4865,10193,7210,1589,11314,19768,27032,10666,15861,57025
282,5190,2240,1522,12049,3803,3300,3338,5288,4364,4928,2662,13889,3416,5812,2469,4947,2013,3690,4825,10160,7041,1571,11339,19801,27079,10692,15936,57020
283,5334,2159,1559,11961,3734,3279,3311,5265,4368,4873,2742,13839,3317,5823,2534,4984,2005,3676,4845,10207,7134,1522,11367,19844,27147,10731,16002,56975
284,5276,2131,1549,11852,3750,3278,3313,5320,4341,4863,2700,13880,3305,5847,2489,4945,1962,3728,4922,10238,7213,1487,11383,19889,27200,10777,16042,57010
285,5272,2133,1541,11630,3865,3308,3276,5300,4322,4809,2734,13913,3376,5891,2472,4979,2013,3717,4861,10128,7208,1500,11415,19917,27253,10801,16099,56957
286,5167,2153,1507,11485,3898,3371,3265,5306,4350,4869,2663,13853,3381,5912,2462,5026,2043,3693,4792,10174,7166,1494,11431,19976,27314,10858,16139,56975
287,5136,2119,1525,11395,3914,3322,3253,5320,4318,4926,2687,13883,3362,5848,2506,5026,2045,3776,4793,10147,7114,1446,11465,20039,27365,10895,16207,56924
288,5040,2078,1556,11372,3834,3296,3230,5280,4355,4950,2659,13932,3340,5866,2499,5021,2009,3801,4847,10224,7124,1468,11517,20039,27399,10923,16293,56837
289,5060,2044,1520,11387,3840,3323,3229,5292,4313,4980,2660,13862,3371,5827,2525,4948,2009,3751,4900,10177,7187,1443,11551,20106,27433,10973,16331,56780
290,4977,2070,1498,11357,3856,3420,3237,5201,4337,5030,2613,13734,3370,5861,2480,4943,2030,3654,4935,10201,7276,1400,11568,20144,27496,11016,16368,56783
291,4998,1999,1497,11305,3811,3358,3176,5141,4244,5034,2706,13715,3430,5897,2439,4984,2027,3780,4827,10229,7250,1439,11599,20202,27523,11049,16451,56773
292,5065,2472,1865,13151,3807,3411,3499,5369,4310,4972,2683,13742,3474,5886,2443,5008,1998,3710,4874,10150,7290,1600,11615,20244,27543,11073,16538,57083
293,5647,2379,1782,12653,3944,3425,3433,5343,4324,4998,2689,13734,3421,5968,2424,5026,2028,3781,4780,10143,7196,1598,11678,20299,27572,11103,16586,57064
294,5584,2394,1794,12736,4055,3482,3432,5336,4394,5011,2698,13762,3344,6000,2485,5053,2096,3786,4658,10161,7204,1614,11727,20332,27608,11149,16643,57092
295,5610,2300,1731,12642,4031,3517,3389,5242,4435,4947,2783,13769,3356,6027,2497,5014,2109,3765,4686,10174,7205,1648,11762,20390,27646,11209,16692,57083
296,5513,2250,1734,12533,4034,3506,3433,5205,4470,4891,2818,13765,3303,5918,2503,5042,2041,3844,4722,10253,7335,1628,11777,20460,27725,11243,16766,57109
297,5557,2382,1800,13024,4099,3517,3493,5273,4444,4895,2844,13787,3352,5936,2515,5002,1962,3867,4732,10306,7254,1618,11819,20523,27834,11301,16839,57173
298,5605,2373,1805,12904,4070,3463,3426,5366,4382,5020,2768,13959,3411,5958,2452,5092,1962,3952,4676,10311,7162,1626,11834,20564,27889,11336,16920,57202
299,5487,2427,1840,13299,4108,3522,3520,5501,4314,5048,2776,13865,3481,5958,2415,5159,1988,3911,4664,10303,7127,1656,11837,20648,27951,11360,16968,57255
300,5827,2320,1767,12841,4169,3549,3511,5444,4354,5040,2803,13921,3407,5894,2412,5124,1922,3933,4777,10387,7201,1607,11876,20722,28048,11393,17049,57266
301,5645,2322,1743,12825,4178,3509,3467,5461,4407,5052,2799,13992,3483,6020,2429,5058,1959,3929,4836,10367,7072,1648,11882,20738,28080,11414,17101,57324
302,5709,2276,1667,12712,4248,3529,3441,5402,4497,5066,2785,13936,3488,6003,2432,5111,1950,3933,4879,10336,7092,1678,11897,20832,28118,11454,17142,57329
303,5528,2233,1631,12755,4188,3595,3410,5459,4433,5065,2817,13980,3447,6011,2463,5142,2030,3894,4889,10378,7091,1670,11920,20887,28205,11495,17149,57379
304,5476,2208,1630,12719,4047,3631,3388,5465,4422,5100,2813,14183,3471,6017,2488,5130,2033,3911,4908,10277,7067,1638,11958,20929,28281,11520,17207,57429
305,5413,2196,1646,12577,4045,3560,3361,5558,4437,5054,2770,14149,3454,6053,2557,5127,2016,3963,4960,10369,7011,1697,11989,20993,28316,11581,17247,57449
306,5546,2193,1659,12477,4001,3556,3333,5485,4511,5003,2781,13989,3509,6011,2580,5127,1974,3938,4970,10477,7158,1646,12022,20994,28405,11633,17322,57472
307,5518,2171,1649,12455,3992,3534,3321,5497,4505,5017,2771,13930,3541,6009,2575,5124,1995,3947,4941,10473,7301,1643,12059,21029,28452,11630,17407,57475
308,5311,2209,1668,12398,3969,3516,3316,5389,4546,4988,2846,13995,3557,6010,2590,5157,1982,3976,4912,10479,7380,1628,12093,21079,28536,11675,17459,57486
309,5485,2205,1637,12235,3968,3473,3375,5349,4562,5005,2821,14051,3504,6118,2589,5114,2064,4001,5011,10434,7322,1604,12116,21098,28608,11717,17466,57488
310,5385,2199,1626,12386,3919,3467,3425,5355,4535,5005,2816,14058,3553,6170,2549,5039,2069,4040,5003,10455,7347,1661,12146,21103,28639,11750,17504,57486
311,5408,2164,1612,12489,3942,3451,3518,5465,4468,4970,2783,14101,3636,6111,2613,5042,2047,4062,4982,10303,7414,1647,12170,21149,28685,11802,17545,57592
312,5476,2158,1620,12611,3961,3440,3544,5463,4438,4961,2786,14019,3559,6122,2520,5181,2067,4045,4997,10445,7416,1687,12196,21189,28704,11840,17576,57613
313,5405,2255,1671,12678,4014,3489,3595,5431,4458,4992,2812,14052,3533,6018,2537,5218,2082,4011,5020,10404,7483,1702,12235,21232,28755,11869,17610,57644
314,5502,2264,1660,12739,4067,3514,3481,5506,4418,4981,2815,14207,3453,6054,2533,5234,2082,4013,5014,10451,7471,1676,12264,21267,28846,11889,17669,57706
315,5577,2250,1650,12669,4105,3548,3452,5435,4500,5055,2802,14147,3437,6068,2627,5193,2108,3980,5021,10549,7394,1688,12311,21276,28898,11921,17715,57743
316,5560,2231,1652,12532,3987,3508,3435,5369,4498,5072,2794,14127,3487,6132,2581,5131,2040,4016,5059,10654,7459,1627,12358,21320,29035,11990,17788,57727
317,5429,2242,1613,12508,3885,3587,3415,5350,4448,5066,2858,14196,3518,6206,2606,5067,2037,3977,5097,10649,7420,1618,12397,21352,29092,11998,17845,57743
318,5548,2159,1619,12516,3900,3482,3310,5322,4395,5119,2861,14275,3508,6266,2572,5116,2070,4040,5028,10610,7402,1555,12414,21395,29154,12045,17890,57698
319,5455,2182,1651,12737,3885,3534,3432,5388,4414,5076,2895,14259,3490,6146,2642,5087,2095,3998,5063,10643,7378,1636,12444,21451,29151,12072,17943,57790
320,5474,2205,1649,12894,3910,3578,3421,5499,4313,5016,2975,14329,3433,6125,2717,5167,2110,4020,5032,10610,7368,1662,12452,21504,29191,12112,17981,57846
321,5446,2173,1681,12681,3936,3615,3483,5459,4406,5037,2893,14221,3459,6122,2770,5156,2142,4052,4993,10652,7387,1623,12475,21522,29268,12124,18044,57858
322,5419,2169,1662,12591,3892,3636,3468,5391,4424,5113,2875,14428,3466,6110,2723,5302,2113,4069,4968,10592,7277,1620,12492,21541,29314,12148,18116,57844
323,5416,2177,1622,12366,3963,3732,3429,5414,4454,5103,2857,14395,3480,6191,2710,5314,2071,3996,4994,10567,7250,1629,12534,21597,29347,12164,18198,57878
324,5442,2141,1617,12206,3991,3681,3339,5399,4449,5032,2876,14367,3470,6139,2645,5338,2104,3965,5041,10734,7396,1655,12592,21669,29380,12182,18243,57840
325,5296,2215,1637,12443,4016,3679,3385,5399,4474,5036,2895,14323,3537,6168,2553,5340,2051,3933,5044,10617,7483,1678,12631,21714,29405,12193,18350,57888
326,5351,2219,1627,12252,4013,3590,3417,5438,4503,4934,2850,14415,3538,6094,2591,5354,2086,4078,4967,10614,7461,1725,12668,21780,29412,12260,18378,57846
327,5322,2207,1569,12142,4113,3599,3455,5408,4488,5057,2773,14319,3568,6211,2562,5339,2140,4027,4922,10652,7431,1730,12690,21791,29448,12274,18475,57827
328,5311,2169,1556,12169,4049,3632,3379,5377,4466,4992,2855,14338,3595,6281,2592,5341,2159,3951,4963,10706,7420,1781,12681,21805,29460,12304,18517,57790
329,5392,2159,1545,12068,3968,3606,3362,5343,4437,4958,2896,14358,3625,6255,2597,5341,2187,3997,4997,10639,7506,1741,12721,21832,29517,12325,18560,57807
330,5322,2142,1602,12077,3893,3643,3341,5330,4424,5034,2825,14345,3640,6268,2628,5298,2179,3960,5034,10641,7511,1723,12763,21886,29558,12371,18632,57769
331,5344,2150,1581,12015,4027,3592,3290,5325,4422,5013,2842,14323,3714,6201,2621,5296,2233,4070,4944,10590,7479,1635,12780,21968,29657,12398,18686,57743
332,5324,2132,1581,12003,4047,3564,3341,5287,4409,5072,2807,14285,3720,6104,2649,5175,2199,4034,5170,10652,7509,1625,12825,22039,29698,12418,18757,57712
333,5279,2135,1571,11990,4045,3503,3366,5330,4339,5079,2817,14342,3709,6008,2652,5235,2217,4100,5092,10749,7501,1603,12852,22102,29710,12475,18818,57718
334,5308,2211,1625,12235,4048,3510,3424,5357,4407,5130,2716,14361,3662,6075,2629,5364,2183,4092,5104,10681,7490,1626,12854,22143,29746,12528,18885,57719
335,5366,2239,1676,12415,4036,3486,3491,5366,4359,5119,2794,14452,3678,6125,2590,5334,2174,4121,5153,10757,7387,1635,12914,22151,29782,12551,18931,57807
336,5459,2194,1585,12233,4042,3550,3432,5291,4357,5056,2895,14494,3704,6172,2563,5243,2189,4069,5209,10786,7386,1627,12925,22205,29834,12595,18987,57811
337,5339,2194,1563,12107,4124,3527,3487,5244,4352,5039,2898,14409,3683,6154,2587,5191,2177,4080,5201,10798,7519,1676,12976,22238,29842,12654,19042,57796
338,5348,2181,1588,11918,4137,3555,3444,5250,4310,5008,2929,14397,3669,6114,2617,5277,2177,4121,5140,10772,7544,1652,13017,22268,29906,12706,19083,57773
339,5299,2279,1654,12654,4040,3518,3464,5354,4370,5038,2898,14589,3638,6202,2572,5312,2193,4150,5131,10596,7434,1689,13081,22348,29980,12735,19133,57897
340,5549,2150,1614,12452,4005,3593,3454,5383,4373,5061,2891,14531,3639,6167,2601,5316,2174,4121,5153,10625,7357,1668,13089,22402,30031,12796,19183,57870
341,5379,2230,1575,12361,4049,3595,3411,5324,4398,5117,2833,14468,3663,6144,2696,5234,2181,4144,5114,10671,7400,1704,13119,22441,30040,12835,19259,57863
342,5585,2119,1604,12170,3975,3659,3362,5314,4429,5037,2853,14377,3644,6253,2669,5235,2134,4143,5178,10785,7403,1649,13136,22449,30098,12879,19321,57828
343,5334,2145,1619,12248,3998,3632,3335,5281,4476,4998,2837,14258,3634,6359,2647,5278,2145,4160,5136,10755,7443,1687,13159,22480,30088,12897,19412,57854
344,5370,2087,1546,12071,3987,3606,3356,5324,4388,5078,2812,14430,3634,6262,2689,5283,2182,4225,5127,10663,7450,1649,13191,22537,30146,12944,19434,57831
345,5187,2073,1526,11872,3978,3665,3407,5408,4402,4983,2810,14453,3608,6315,2662,5341,2157,4222,5143,10708,7471,1615,13199,22580,30223,12991,19467,57843
346,5308,2140,1514,11975,3986,3641,3448,5323,4390,5056,2837,14244,3626,6357,2609,5421,2197,4215,5116,10661,7554,1589,13225,22631,30285,13008,19516,57824
347,5263,2172,1540,12180,4007,3662,3435,5397,4426,5051,2883,14442,3642,6224,2660,5435,2147,4191,5170,10649,7552,1602,13220,22635,30353,13067,19580,57805
348,5461,2129,1510,11969,4075,3618,3466,5358,4413,5063,2876,14383,3665,6260,2603,5518,2137,4219,5154,10756,7490,1632,13254,22687,30385,13090,19634,57704
349,5292,2087,1451,12170,4057,3607,3455,5371,4493,5073,2800,14284,3709,6244,2653,5525,2187,4176,5171,10738,7599,1671,13294,22712,30393,13128,19624,57664
350,5212,2085,1474,11996,4025,3683,3371,5436,4377,5121,2809,14383,3639,6292,2628,5535,2159,4148,5307,10685,7585,1654,13303,22742,30468,13179,19651,57681
351,5221,2043,1491,11783,4081,3682,3354,5389,4377,5142,2868,14386,3639,6233,2619,5544,2200,4182,5292,10763,7582,1667,13317,22761,30473,13199,19693,57647
352,5366,2018,1514,11657,4031,3660,3303,5381,4422,5120,2834,14392,3662,6296,2628,5543,2269,4165,5238,10739,7545,1646,13313,22787,30507,13241,19766,57585
353,5095,2103,1566,11674,4104,3640,3308,5343,4432,5097,2846,14429,3737,6333,2632,5449,2252,4171,5243,10633,7481,1623,13358,22819,30555,13320,19816,57569
354,5181,2210,1610,12315,4066,3520,3487,5365,4419,5179,2819,14552,3799,6305,2687,5375,2287,4178,5247,10465,7463,1614,13391,22875,30623,13370,19876,57703
355,5340,2139,1606,12174,4071,3590,3483,5316,4357,5158,2836,14552,3713,6214,2688,5407,2302,4169,5160,10677,7502,1650,13416,22918,30613,13395,19993,57641
356,5225,2087,1602,12251,3956,3608,3554,5225,4357,5152,2877,14572,3725,6270,2644,5457,2263,4224,5128,10678,7485,1670,13413,22952,30635,13448,20048,57673
357,5458,2055,1555,12234,3989,3582,3423,5163,4349,5177,2854,14566,3635,6219,2631,5463,2283,4180,5251,10796,7581,1639,13440,23003,30692,13452,20064,57633
358,5347,2062,1598,12178,3985,3580,3418,5256,4294,5120,2868,14466,3712,6373,2608,5447,2265,4228,5248,10819,7541,1637,13447,23056,30724,13472,20123,57683
359,5298,2061,1622,12101,4062,3561,3421,5205,4355,5128,2840,14366,3742,6302,2675,5446,2261,4261,5236,10859,7611,1639,13473,23120,30757,13517,20167,57657
360,5289,2060,1601,12066,4058,3591,3406,5201,4335,5155,2854,14528,3749,6402,2693,5525,2238,4178,5250,10689,7486,1687,13486,23182,30745,13553,20221,57703
361,5237,2040,1560,11939,4119,3559,3361,5144,4435,5029,2910,14486,3749,6429,2737,5525,2247,4240,5169,10727,7533,1713,13509,23182,30780,13585,20302,57685
362,5176,2026,1540,12122,4056,3662,3373,5200,4410,5115,2874,14411,3815,6363,2773,5478,2262,4171,5159,10783,7537,1685,13532,23224,30818,13621,20336,57746
363,5375,2076,1521,12032,4121,3694,3323,5159,4363,5157,2890,14394,3786,6300,2846,5492,2312,4129,5185,10780,7528,1640,13558,23265,30890,13651,20380,57758
364,5270,2143,1567,12277,4028,3663,3400,5142,4352,5150,2864,14396,3736,6287,2806,5539,2277,4090,5325,10828,7494,1696,13577,23294,30879,13686,20424,57752
365,5345,2204,1577,12400,3951,3715,3432,5199,4364,5158,2778,14494,3793,6315,2757,5443,2309,4034,5381,10835,7572,1731,13613,23312,30908,13719,20461,57843
366,5425,2204,1564,12228,3926,3647,3439,5255,4375,5090,2822,14430,3706,6377,2769,5460,2319,4130,5400,10897,7482,1666,13617,23359,31003,13789,20492,57814
367,5549,2135,1571,12079,3929,3598,3421,5294,4366,5107,2823,14348,3669,6468,2754,5576,2293,4215,5266,10871,7517,1712,13634,23355,30982,13818,20597,57780
368,5236,2183,1596,12342,4064,3692,3440,5284,4365,5068,2850,14350,3670,6516,2668,5593,2306,4155,5300,10886,7478,1732,13659,23407,31011,13822,20663,57826
369,5327,2109,1581,12301,3966,3621,3450,5214,4439,5137,2793,14455,3735,6476,2674,5544,2222,4254,5294,10875,7466,1701,13693,23454,31062,13831,20754,57753
370,5291,2099,1593,12140,4013,3620,3462,5271,4372,5290,2676,14425,3634,6395,2753,5626,2279,4222,5280,10836,7548,1687,13729,23460,31092,13874,20800,57803
371,5348,2101,1543,11963,4038,3621,3408,5283,4422,5271,2670,14536,3674,6437,2737,5573,2319,4258,5264,10871,7477,1725,13752,23437,31110,13884,20832,57805
372,5308,2129,1540,11980,3938,3602,3355,5313,4397,5175,2715,14575,3661,6436,2664,5642,2315,4219,5323,10856,7560,1705,13798,23487,31172,13904,20880,57799
373,5227,2086,1514,11937,3962,3638,3386,5368,4406,5104,2722,14636,3658,6379,2679,5664,2262,4208,5364,10785,7582,1731,13821,23560,31178,13946,20939,57795
374,5223,2090,1530,11789,4054,3653,3374,5373,4404,5095,2747,14557,3736,6433,2751,5517,2252,4200,5417,10717,7591,1772,13862,23596,31184,13988,20980,57741
375,5147,2035,1591,11664,4130,3662,3334,5355,4386,5120,2724,14629,3772,6350,2815,5567,2301,4165,5381,10688,7566,1820,13849,23629,31217,14024,21018,57725
376,5252,2002,1580,11617,4181,3675,3271,5261,4446,5065,2733,14464,3761,6296,2863,5537,2337,4123,5384,10801,7707,1738,13871,23645,31288,14062,21084,57658
377,5142,2001,1597,11708,4107,3647,3252,5299,4373,5200,2665,14536,3745,6350,2834,5596,2258,4191,5440,10713,7607,1772,13890,23654,31301,14126,21127,57609
378,5199,1981,1585,11761,4103,3703,3273,5296,4405,5123,2714,14472,3690,6417,2815,5640,2324,4167,5338,10764,7583,1704,13944,23687,31379,14165,21157,57564
379,5159,1970,1638,11850,4044,3641,3274,5255,4394,5061,2783,14455,3766,6508,2809,5555,2274,4205,5403,10657,7638,1689,13976,23718,31428,14218,21229,57569
380,5170,2022,1600,11965,3960,3616,3244,5348,4353,5022,2791,14468,3709,6496,2786,5635,2310,4186,5342,10782,7648,1668,13991,23710,31460,14234,21324,57539
381,5086,2011,1626,11860,3995,3625,3241,5425,4244,5124,2771,14472,3727,6546,2822,5555,2329,4212,5318,10706,7566,1650,14030,23777,31519,14245,21408,57557
382,5206,2048,1585,11912,3988,3648,3236,5395,4289,5135,2776,14375,3706,6475,2787,5608,2319,4206,5332,10845,7600,1676,14062,23788,31538,14265,21493,57600
383,5122,2107,1617,12235,3941,3651,3373,5406,4305,5160,2807,14506,3728,6422,2860,5553,2315,4268,5289,10809,7462,1743,14075,23800,31553,14298,21546,57692
384,5243,2183,1600,12396,3969,3641,3383,5438,4329,5054,2838,14515,3733,6335,2835,5509,2304,4293,5385,10889,7543,1735,14095,23859,31599,14331,21584,57775
385,5399,2089,1620,12238,3990,3584,3332,5330,4439,5073,2822,14614,3720,6381,2784,5523,2275,4311,5397,10871,7503,1668,14111,23863,31680,14352,21671,57753
386,5271,2071,1597,12229,4017,3679,3298,5293,4470,5186,2754,14670,3739,6453,2780,5542,2329,4178,5429,10801,7416,1663,14157,23898,31715,14376,21663,57723
387,5304,2092,1590,12077,4043,3605,3320,5324,4449,5150,2781,14424,3730,6410,2782,5454,2373,4194,5477,10936,7580,1701,14181,23934,31716,14445,21667,57662
388,5275,2070,1587,12003,3994,3652,3224,5372,4438,5090,2832,14383,3693,6420,2808,5461,2380,4141,5498,11028,7556,1733,14223,23949,31733,14471,21722,57669
389,5205,2070,1591,12058,3940,3633,3268,5350,4496,5098,2836,14506,3686,6402,2761,5560,2448,4195,5444,11070,7455,1750,14210,23978,31780,14493,21743,57725
390,5358,2117,1629,12084,3918,3613,3279,5416,4392,5224,2786,14568,3687,6486,2731,5566,2452,4266,5410,11012,7443,1754,14197,23984,31787,14503,21823,57762
391,5323,2136,1634,12223,3975,3687,3355,5491,4433,5143,2812,14455,3755,6460,2732,5519,2497,4219,5388,11001,7500,1749,14224,24031,31851,14547,21858,57745
392,5398,2097,1624,12034,4031,3656,3360,5432,4399,5271,2779,14534,3737,6376,2730,5619,2440,4262,5453,10894,7474,1736,14229,24120,31894,14586,21890,57755
393,5314,2139,1600,12011,3978,3699,3339,5418,4404,5178,2799,14475,3756,6287,2747,5630,2465,4134,5525,10975,7559,1709,14270,24196,31928,14583,21948,57811
394,5138,2115,1619,12018,3986,3763,3363,5371,4445,5192,2764,14441,3784,6262,2730,5737,2432,4154,5459,10888,7687,1693,14256,24241,31976,14606,22024,57800
395,5363,2041,1577,11787,4015,3783,3309,5379,4417,5209,2796,14586,3760,6283,2710,5726,2451,4137,5443,10853,7639,1668,14257,24266,32016,14651,22075,57801
