Time,Bujumbura,Bubanza,Cibitoke,Isale,Muramvya,Kayanza,Mwaro,Rumonge,Bururi,Rutana,Makamba,Gitega,Karuzi,Ruyigi,Cankuzo,Muyinga,Kirundo,Ngozi,Gashoho,Gitega-Ruyigi,Makebuko,Commune of Mabanda,Mahama,Nduta,Kagunga,Nyarugusu,Nakivale,Kigali,Lusenda
0,0,0,0,0,0,0,0,0,0,0,0,0,0,0,0,0,0,0,0,0,0,0,0,0,0,0,0,0,0
1,0,210,139,824,0,0,144,126,0,0,0,0,0,0,0,0,0,0,0,0,0,0,0,0,0,0,0,0,352
2,334,336,242,1392,62,19,222,232,18,0,0,23,0,0,0,0,0,0,0,0,0,4,0,0,0,0,0,0,706
3,525,482,363,1956,124,45,322,311,44,0,1,76,0,0,0,0,0,5,0,5,2,21,0,0,0,0,0,0,1103
4,750,595,453,2487,189,91,386,387,72,3,5,137,0,3,0,0,0,6,3,14,8,40,0,0,0,0,1,0,1550
5,907,694,548,3001,287,129,468,464,98,12,8,188,1,4,0,0,0,30,2,35,14,57,0,0,6,0,3,0,2019
6,1108,796,590,3413,351,172,545,545,154,21,20,271,2,7,0,1,0,38,7,46,26,75,0,0,12,0,6,0,2564
7,1221,883,677,3849,449,239,632,607,194,41,38,331,4,5,2,3,1,59,9,73,34,91,0,2,15,0,9,0,3097
8,1436,925,738,4169,523,293,703,675,244,47,53,453,7,16,2,5,2,91,13,108,48,104,0,2,25,0,18,0,3660
9,1477,1019,807,4562,619,345,769,722,270,54,54,534,11,18,2,4,6,117,24,136,83,143,1,6,34,0,33,0,4305
10,1774,1069,790,4851,695,398,829,780,301,76,70,615,18,30,3,8,3,142,29,177,108,154,1,9,47,0,49,1,4923
11,1760,1139,829,5176,753,455,890,869,356,98,74,738,20,32,4,7,2,184,43,228,146,188,3,13,58,0,55,1,5624
12,1895,1158,868,5442,827,495,989,885,427,120,85,845,23,36,4,11,9,210,52,263,179,212,4,16,75,0,64,1,6345
13,1992,1182,963,5693,890,528,1046,957,427,144,126,964,32,51,6,15,9,259,67,304,206,224,5,21,99,0,74,2,7049
14,2078,1227,991,6018,929,556,1073,991,490,163,158,1039,39,73,9,21,13,306,80,387,248,230,5,25,117,0,85,2,7777
15,2224,1314,1022,6258,1023,622,1112,1055,513,184,168,1182,50,91,9,29,22,310,104,432,273,281,6,34,131,0,102,5,8589
16,2196,1397,1047,6586,1083,676,1174,1169,549,209,192,1310,55,125,14,34,19,348,125,471,297,301,10,40,161,0,121,6,9445
17,2334,1457,1082,6816,1190,704,1208,1239,598,234,199,1442,64,147,23,43,17,402,133,531,325,330,10,49,188,0,140,8,10262
18,2565,1457,1093,6993,1282,747,1228,1320,648,259,229,1534,87,173,24,60,22,447,151,597,376,353,11,54,218,0,156,12,11094
19,2502,1536,1107,7357,1311,818,1279,1389,695,277,254,1622,103,164,37,78,27,466,173,660,454,376,16,68,249,0,177,14,11996
20,2731,1596,1157,7625,1379,849,1361,1477,742,294,263,1715,124,205,40,102,36,539,184,704,509,413,21,76,282,1,199,17,12952
21,2735,1685,1213,8071,1411,924,1423,1580,733,341,300,1876,122,214,45,113,46,560,206,814,504,448,28,92,314,1,220,20,13942
22,2916,1775,1269,8277,1440,971,1473,1654,796,386,305,1968,148,250,51,110,52,623,239,904,544,510,33,107,347,1,245,21,14954
23,3046,1831,1331,8568,1505,1057,1481,1739,807,418,351,2188,175,274,64,110,64,615,293,940,583,523,40,120,392,1,279,27,15935
24,3127,1861,1351,8882,1601,1082,1494,1795,904,447,373,2300,180,301,66,147,69,656,333,1057,612,577,44,143,429,1,317,32,16964
25,3272,1716,1251,8423,1714,1130,1462,1771,968,492,426,2411,184,341,70,180,85,693,348,1119,655,578,52,170,477,2,344,38,17210
26,3070,1693,1227,8352,1746,1176,1482,1721,1026,538,445,2526,216,367,87,209,95,720,370,1159,748,625,58,192,530,2,388,41,17210
27,3062,1675,1168,8254,1743,1184,1449,1782,1051,551,468,2590,231,386,101,254,95,749,375,1262,814,620,70,225,591,4,445,47,17210
28,2997,1644,1150,8083,1719,1219,1461,1858,1068,564,502,2668,219,436,114,279,106,776,393,1382,848,676,81,257,648,4,478,53,17210
29,2959,1614,1166,7925,1740,1197,1409,1840,1099,588,527,2786,265,456,133,273,108,813,443,1417,932,728,97,293,714,4,529,65,17210
30,2889,1533,1181,7882,1725,1168,1422,1852,1110,633,524,2851,292,488,146,289,113,876,465,1509,993,751,112,323,776,6,571,77,17210
31,2882,4114,3037,18486,1714,1188,3168,3455,1116,655,556,2967,301,533,157,312,125,897,496,1555,1027,783,127,357,845,7,610,90,17210
32,6921,3289,2455,15037,2177,1533,2599,2919,1404,676,611,3349,327,572,174,337,153,883,503,1634,1042,897,144,394,917,7,643,109,17210
33,5646,3307,2394,14937,2428,1627,2675,2950,1514,708,678,3587,358,607,192,350,157,989,515,1705,1133,966,174,435,997,7,695,121,17210
34,5519,3143,2235,14312,2613,1729,2571,2861,1599,753,729,3858,395,608,196,374,174,1107,530,1784,1224,1042,189,482,1076,7,744,144,17210
35,5374,2957,2090,13759,2739,1807,2500,2832,1678,802,767,4081,402,660,200,429,157,1196,573,1911,1257,1109,212,532,1155,8,799,158,17210
36,5016,2793,2031,13311,2799,1880,2421,2944,1651,862,793,4332,431,707,202,428,174,1266,629,2028,1345,1175,233,570,1235,10,854,170,17210
37,4971,2656,1917,12883,2789,1924,2340,2935,1654,920,864,4441,462,717,226,461,191,1275,682,2184,1428,1185,251,630,1332,11,916,191,17210
38,4723,2538,1780,12663,2794,1923,2311,2810,1789,981,948,4451,481,788,243,506,191,1330,721,2341,1488,1188,271,686,1432,13,985,207,17210
39,4654,2458,1685,12305,2782,1941,2224,2797,1757,1067,955,4615,502,887,236,567,203,1371,731,2391,1526,1227,293,739,1529,14,1048,224,17210
40,4588,2334,1623,11792,2850,1927,2198,2778,1754,1159,959,4659,568,960,249,587,224,1456,754,2467,1561,1322,313,804,1627,17,1101,243,17210
41,4228,2560,1928,13145,2787,1940,2431,2984,1799,1158,1022,4825,582,986,255,629,212,1480,841,2631,1568,1338,336,873,1747,17,1165,256,17210
42,4783,2706,2021,13964,2756,2032,2566,3097,1840,1195,1037,4990,587,1019,264,692,222,1493,855,2700,1696,1371,370,933,1865,22,1226,270,17210
43,5012,2885,2165,14792,2850,2021,2703,3292,1866,1225,1061,5267,602,1027,298,724,230,1551,906,2795,1701,1440,406,1012,1981,22,1296,291,17210
44,5369,3089,2299,15419,2994,2150,2807,3361,1980,1233,1102,5344,632,1086,296,780,236,1574,938,2859,1889,1510,433,1080,2103,28,1369,310,17210
45,5655,2955,2145,14738,3131,2222,2689,3316,2066,1269,1141,5438,712,1141,307,779,249,1651,951,2970,1968,1548,472,1158,2211,30,1441,322,17210
46,5357,2899,2085,14426,3189,2239,2679,3336,2072,1362,1205,5638,720,1134,323,811,241,1686,1018,3071,2009,1577,514,1245,2334,32,1527,351,17210
47,5268,2800,2059,14020,3166,2281,2653,3351,2071,1426,1268,5826,735,1166,360,841,261,1683,1068,3157,2051,1617,555,1336,2461,37,1601,367,17210
48,5038,2808,1971,13650,3213,2299,2642,3353,2125,1487,1314,5987,727,1233,364,882,285,1762,1070,3246,2069,1607,602,1432,2607,38,1691,388,17210
49,5029,2660,1837,13253,3136,2263,2563,3217,2168,1466,1373,6168,739,1227,418,885,289,1801,1118,3365,2161,1650,648,1517,2752,41,1770,413,17210
50,4742,2535,1776,12843,3184,2262,2558,3243,2147,1500,1403,6167,754,1267,441,928,302,1831,1163,3476,2263,1666,694,1609,2878,47,1842,443,17210
51,4679,2461,1722,12433,3106,2234,2465,3149,2186,1499,1446,6243,810,1354,445,948,300,1852,1220,3524,2316,1691,739,1708,3019,48,1937,467,17210
52,4475,2390,1671,12020,3071,2259,2437,3121,2163,1543,1455,6317,800,1399,456,998,283,1875,1276,3626,2392,1694,789,1802,3168,50,2005,503,17210
53,4478,2280,1601,11580,3030,2258,2388,3092,2145,1649,1466,6379,835,1482,442,1040,314,1886,1286,3691,2338,1725,844,1896,3301,51,2067,531,17210
54,4336,3945,2890,19176,2956,2257,3638,4176,2209,1614,1450,6422,871,1498,459,1070,366,1874,1299,3716,2411,1816,908,2003,3426,54,2131,552,17210
55,6944,3404,2555,16853,3350,2415,3225,3855,2377,1637,1511,6695,928,1542,498,1062,410,1893,1310,3738,2441,1834,958,2125,3590,59,2221,572,17210
56,6149,3485,2645,17179,3430,2523,3309,3956,2437,1681,1497,6841,932,1543,482,1114,397,1900,1386,3860,2581,1923,1006,2252,3749,62,2306,614,17210
57,6335,3378,2570,16956,3602,2603,3343,4022,2437,1783,1591,6996,993,1649,524,1143,408,1950,1384,3862,2627,1880,1065,2359,3902,69,2398,647,17210
58,6337,3192,2390,16294,3678,2602,3198,4014,2482,1808,1608,7080,1012,1652,548,1166,415,1990,1439,4045,2691,1916,1138,2478,4074,78,2478,673,17210
59,5943,3086,2305,15783,3719,2626,3126,3927,2523,1836,1645,7333,1044,1693,572,1182,396,2042,1505,4084,2716,1994,1198,2600,4230,81,2573,714,17210
60,5662,4352,3151,20786,3679,2588,3939,4699,2518,1831,1668,7463,1088,1772,594,1199,406,2113,1547,4155,2866,2063,1252,2712,4396,85,2679,743,17210
61,7636,3818,2750,18578,3958,2757,3536,4408,2658,1879,1736,7658,1055,1779,569,1277,424,2118,1580,4351,2986,2106,1321,2848,4578,88,2772,782,17210
62,6832,3673,2694,18504,3985,2874,3505,4370,2695,1929,1758,7967,1067,1816,569,1362,439,2142,1569,4404,3057,2238,1398,2951,4743,94,2854,823,17210
63,6601,3962,2945,19906,4063,2867,3816,4589,2841,1900,1844,8072,1105,1856,601,1396,471,2202,1609,4492,3136,2229,1464,3079,4911,95,2949,849,17210
64,7214,4218,3061,20574,4186,2970,3951,4746,2945,1966,1849,8291,1106,1895,606,1448,479,2267,1611,4601,3204,2301,1530,3214,5112,101,3061,881,17210
65,7493,4398,3265,21568,4293,3112,4064,4932,3004,2061,1874,8588,1121,1977,640,1446,457,2311,1671,4697,3180,2356,1613,3340,5294,104,3150,917,17210
66,7913,4072,3005,20399,4470,3157,3903,4800,3107,2068,1873,8825,1170,2012,652,1435,520,2400,1670,4849,3308,2438,1681,3466,5506,110,3267,951,17210
67,7483,4084,2971,20572,4496,3187,3855,4815,3126,2173,1982,9077,1191,2084,671,1483,517,2517,1728,4973,3325,2427,1760,3611,5725,113,3369,984,17210
68,7468,4055,3006,20799,4527,3268,3925,4939,3120,2238,1968,9208,1226,2144,677,1512,539,2555,1759,5156,3382,2487,1829,3776,5913,116,3480,1026,17210
69,7502,4135,3067,20774,4633,3235,3998,5019,3084,2323,2042,9365,1215,2205,676,1585,541,2669,1803,5285,3463,2504,1906,3927,6139,123,3616,1063,17210
70,7666,3959,2843,20670,4567,1064,3918,4919,3140,2341,2140,9601,1288,2292,711,1591,524,4375,1880,5351,3506,2537,1997,4107,6345,128,3971,1109,17210
71,9781,3781,775,19967,4582,1350,3866,4888,3227,2340,2200,9676,1344,2262,756,1584,543,4096,2137,5500,3663,2530,2075,4286,6559,133,4117,1165,17210
72,7252,3959,1001,21100,4614,1310,4046,4982,3259,2350,2253,9698,1318,2253,766,1716,583,4079,2260,5689,3737,2569,2156,4470,6752,144,4303,1207,17210
73,8115,3814,741,20454,4625,1309,3950,4981,3236,2347,2283,9950,1368,2342,810,1733,660,4354,2373,5769,3777,2668,2252,4618,6968,149,4517,1256,17210
74,7339,3830,829,20202,4714,1402,4006,4963,3294,2446,2269,10030,1435,2335,843,1796,669,4362,2477,5845,3886,2716,2344,4785,7180,161,4679,1318,17210
75,7862,3787,770,20042,4742,1250,3953,5007,3287,2448,2321,10153,1502,2464,829,1859,683,4762,2631,5951,3931,2729,2440,4958,7410,166,4905,1367,17210
76,7698,3802,845,20352,4818,1394,3982,5006,3318,2498,2313,10210,1545,2515,850,1885,760,4917,2782,5997,4023,2781,2546,5142,7676,174,5133,1416,17210
77,7435,3704,835,19998,4816,1391,3900,4908,3346,2547,2372,10304,1543,2587,827,2022,779,4786,2872,6228,4038,2759,2633,5311,7922,181,5315,1472,17210
78,7262,3623,768,19503,4775,1418,3858,4921,3306,2544,2401,10478,1610,2646,855,2036,803,4621,3044,6284,4089,2790,2726,5517,8166,187,5516,1537,17210
79,7153,3580,731,18946,4831,1399,3797,4817,3360,2636,2391,10469,1670,2658,889,2109,857,4555,3057,6362,4211,2845,2836,5690,8394,193,5699,1602,17210
80,6935,3473,730,18504,4818,1315,3742,4781,3397,2693,2408,10617,1729,2673,914,2248,897,4508,3053,6436,4224,2864,2938,5880,8653,201,5900,1659,17210
81,6587,3299,715,18037,4722,1303,3765,4792,3376,2695,2438,10772,1799,2682,906,2329,915,4300,3087,6497,4271,2919,3049,6051,8882,210,6065,1727,17210
82,7344,3321,744,18265,4649,1237,3788,4833,3324,2710,2492,10843,1846,2785,913,2335,922,4906,3176,6575,4273,2920,3165,6237,9140,218,6336,1802,17210
83,7259,3405,864,18877,4629,1411,3864,4913,3376,2745,2497,10792,1866,2807,953,2397,927,5292,3291,6665,4404,2924,3299,6441,9395,226,6610,1879,17210
84,6952,3340,754,18634,4690,1495,3779,4971,3306,2772,2589,10914,1870,2870,967,2481,965,5057,3348,6728,4419,2872,3419,6631,9633,234,6796,1957,17210
85,6771,3308,716,18350,4706,1411,3695,4863,3335,2823,2565,11020,1868,2842,1026,2547,1002,4878,3421,6804,4432,2918,3552,6836,9886,243,7029,2031,17210
86,6705,3295,754,17852,4604,1377,3680,4724,3418,2901,2621,10960,1885,2940,1024,2581,1011,4724,3530,6953,4419,2886,3687,7051,10130,255,7225,2121,17210
87,7040,3333,761,17785,4533,1328,3666,4763,3365,3014,2590,11105,1881,2972,1043,2624,992,5080,3529,7070,4417,2910,3808,7261,10377,266,7531,2205,17210
88,7109,3433,814,18029,4533,1352,3680,4803,3311,2945,2664,11109,1939,2986,1113,2604,1012,5417,3591,7183,4470,2958,3929,7499,10637,271,7758,2290,17210
89,7369,3468,761,18253,4516,1446,3836,4813,3349,2926,2649,11133,2019,3083,1088,2666,1068,5511,3643,7167,4531,3057,4072,7691,10861,281,7996,2376,17210
90,7340,3535,784,18635,4613,1465,4011,4819,3432,2898,2672,11151,2062,3098,1090,2794,1079,5811,3673,7231,4592,3028,4209,7888,11132,294,8270,2467,17210
91,6964,3393,736,18389,4656,1501,3925,4892,3430,2844,2690,11252,2113,3092,1128,2816,1076,5459,3809,7273,4674,2996,4354,8119,11363,306,8469,2542,17210
92,6708,3268,747,17993,4732,1446,3813,4883,3480,2856,2622,11316,2172,3173,1171,2845,1114,5268,3798,7256,4659,3077,4508,8325,11603,317,8670,2629,17210
93,7792,3346,816,18852,4648,1452,3980,4967,3431,2866,2718,11284,2190,3281,1193,2916,1078,6133,3896,7311,4671,3015,4659,8556,11845,324,9046,2715,17210
94,7965,3586,922,20113,4765,1551,4162,5113,3433,2929,2755,11450,2183,3309,1176,3009,1105,6801,4033,7257,4661,3039,4806,8790,12081,343,9374,2802,17210
95,7414,3573,802,19777,4838,1711,4076,5102,3503,2896,2802,11658,2219,3329,1212,3070,1160,6291,4211,7300,4686,3053,4935,9013,12334,351,9565,2895,17210
96,7248,3484,755,19244,4895,1606,4128,5028,3500,2976,2783,11704,2230,3310,1265,3096,1163,6061,4283,7414,4667,3128,5092,9255,12575,361,9788,3000,17210
97,7291,3462,804,19044,4806,1645,4121,5037,3477,2915,2802,11836,2233,3347,1262,3125,1278,6057,4233,7492,4813,3137,5263,9503,12844,370,10015,3084,17210
98,7333,3417,725,19019,4843,1570,4098,5019,3436,2943,2792,11958,2218,3298,1324,3097,1311,6012,4379,7579,4893,3196,5418,9745,13113,384,10243,3190,17210
99,7062,3362,750,19071,4908,1614,4134,5040,3444,3017,2878,12090,2213,3295,1310,3239,1303,5917,4450,7571,4865,3182,5595,9979,13331,403,10498,3289,17210
100,7273,3265,723,18888,4993,1490,4049,4987,3529,3014,2872,12176,2279,3325,1283,3282,1325,5952,4510,7612,4880,3231,5774,10235,13570,415,10751,3384,17210
101,6648,3256,733,18557,5031,1553,3973,4999,3581,3031,2821,12155,2281,3373,1329,3359,1347,5605,4453,7632,4968,3270,5926,10477,13835,430,10941,3503,17210
102,6726,3225,663,17915,4969,1534,3888,4986,3572,3136,2780,12221,2238,3429,1341,3462,1354,5391,4393,7748,4928,3283,6092,10711,14091,446,11140,3626,17210
103,6833,3211,729,17816,4892,1446,3921,4865,3625,3150,2864,12236,2311,3479,1362,3427,1348,5564,4351,7754,4963,3293,6269,10960,14320,453,11400,3752,17210
104,6614,3162,704,17496,4839,1374,3912,4844,3527,3158,2919,12253,2325,3509,1385,3387,1345,5444,4397,7918,4947,3337,6440,11196,14567,464,11587,3864,17210
105,6335,3057,640,17177,4699,1450,3906,4764,3567,3094,2971,12246,2356,3633,1365,3411,1382,5083,4394,7969,4959,3315,6605,11449,14864,482,11769,3972,17210
106,6076,3002,670,16707,4631,1372,3788,4689,3485,3127,2997,12214,2390,3667,1368,3438,1377,4924,4402,8104,5035,3320,6782,11703,15132,500,11946,4068,17210
107,5972,2958,589,16287,4574,1328,3697,4634,3412,3123,3097,12258,2392,3671,1392,3439,1372,4784,4345,8137,5044,3289,6951,11957,15398,514,12123,4177,17210
108,6221,2940,678,16251,4486,1332,3700,4723,3352,3188,3024,12203,2408,3720,1391,3479,1368,4999,4255,8167,5073,3320,7090,12233,15634,533,12357,4286,17210
109,5930,2917,614,16035,4547,1357,3572,4618,3477,3133,3022,12087,2419,3714,1397,3386,1313,4772,4337,8276,5189,3344,7271,12494,15882,550,12552,4406,17210
110,6208,2918,653,16044,4501,1264,3602,4693,3464,3121,3019,12182,2496,3797,1382,3324,1314,5015,4290,8166,5144,3320,7451,12755,16160,562,12799,4523,17210
111,5843,2917,621,15762,4472,1340,3573,4563,3487,3242,2944,12078,2470,3744,1429,3342,1329,4735,4255,8311,5086,3365,7628,13022,16435,578,12960,4636,17210
112,6177,2901,662,15788,4478,1230,3621,4573,3515,3174,2944,12000,2539,3743,1461,3439,1353,5025,4075,8201,5217,3353,7789,13286,16707,595,13221,4722,17210
113,6321,2951,646,15972,4435,1282,3672,4563,3478,3175,2936,11969,2510,3758,1511,3438,1328,5171,4060,8204,5267,3352,7948,13565,16987,603,13475,4834,17210
114,6288,2994,738,16247,4403,1384,3723,4568,3514,3130,2968,11967,2482,3715,1512,3420,1300,5254,4076,8245,5292,3291,8118,13850,17258,624,13720,4952,17210
115,5991,2953,653,15907,4404,1392,3674,4627,3427,3151,2923,12147,2520,3727,1493,3497,1303,4998,4024,8097,5280,3292,8278,14127,17542,635,13899,5072,17210
116,6721,3012,712,16612,4383,1336,3743,4692,3354,3221,2938,11960,2470,3743,1519,3489,1281,5579,4070,8175,5282,3251,8415,14417,17802,661,14206,5172,17210
117,6049,2929,619,16636,4377,1451,3748,4714,3428,3159,2959,12090,2499,3771,1520,3446,1310,5154,4137,8062,5236,3290,8608,14683,18024,681,14363,5273,17210
118,5992,2853,663,16314,4439,1386,3695,4644,3452,3120,2957,12053,2463,3796,1508,3506,1305,5015,4175,8062,5270,3306,8780,14916,18295,700,14567,5376,17210
119,5881,2776,608,15960,4484,1373,3693,4544,3501,3173,2941,11964,2438,3840,1490,3504,1288,5010,4188,8122,5278,3269,8961,15177,18600,717,14752,5488,17210
120,6007,2787,622,15490,4406,1318,3569,4534,3492,3124,2986,12021,2460,3844,1460,3463,1271,4937,4187,8196,5341,3222,9135,15461,18853,733,14960,5588,17210
121,5854,2736,617,15369,4391,1257,3565,4471,3458,3161,2930,12065,2453,3725,1501,3514,1260,4886,4164,8151,5365,3261,9314,15722,19136,745,15145,5698,17210
122,5591,2713,611,15289,4376,1275,3534,4504,3374,3158,2949,12158,2482,3743,1514,3463,1288,4695,4237,8122,5294,3233,9483,15969,19424,766,15313,5803,17210
123,5627,2588,553,15003,4248,1284,3434,4453,3368,3233,2902,12112,2462,3739,1523,3489,1294,4475,4201,8113,5298,3248,9651,16246,19662,786,15474,5905,17210
124,5436,2554,541,14781,4236,1211,3374,4383,3397,3179,2928,12028,2433,3822,1484,3542,1286,4418,4091,8110,5318,3257,9825,16521,19885,818,15649,5999,17210
125,5346,2529,587,14486,4201,1165,3309,4401,3248,3180,2906,11872,2423,3880,1482,3526,1239,4314,4054,8162,5381,3256,9998,16780,20162,833,15824,6097,17210
126,5241,2503,546,14440,4154,1106,3304,4271,3286,3184,2926,11998,2396,3893,1484,3566,1276,4326,3936,8117,5258,3195,10162,17035,20419,862,15989,6200,17210
127,5267,2469,539,14142,4129,1159,3318,4307,3217,3194,2930,11801,2432,3843,1540,3573,1268,4253,3842,8168,5296,3174,10338,17305,20665,879,16155,6302,17210
128,5152,2428,526,14064,4093,1130,3311,4221,3253,3218,2920,11755,2431,3903,1527,3533,1270,4208,3841,8101,5231,3168,10520,17569,20920,901,16330,6413,17210
129,4943,2450,503,13769,4020,1165,3240,4245,3236,3174,2929,11738,2413,3888,1536,3547,1218,4030,3824,8074,5227,3134,10684,17839,21186,918,16475,6532,17210
130,5107,2422,539,13464,3949,1137,3164,4174,3225,3209,2914,11836,2452,3765,1599,3468,1228,3975,3793,8073,5108,3130,10864,18110,21443,938,16651,6642,17210
131,4861,2412,507,13303,3918,1050,3201,4232,3140,3233,2856,11607,2454,3794,1545,3476,1235,3876,3796,7990,5164,3150,11020,18369,21684,963,16819,6724,17210
132,4928,2376,480,12982,3888,1050,3145,4158,3190,3180,2853,11643,2451,3802,1530,3439,1232,3808,3778,7922,5130,3091,11209,18638,21953,981,16954,6828,17210
133,4929,2304,506,12845,3847,991,3089,4207,3073,3155,2920,11619,2397,3741,1473,3427,1233,3825,3704,8024,5132,3011,11391,18923,22242,997,17102,6937,17210
134,4766,2278,504,12832,3883,1043,3004,4097,3105,3167,2894,11551,2414,3807,1439,3398,1225,3722,3641,7982,5108,3045,11552,19177,22486,1019,17278,7052,17210
135,4631,2280,515,12704,3952,995,3003,4032,3099,3127,2849,11349,2374,3797,1435,3381,1186,3758,3540,8007,5212,3107,11741,19449,22716,1039,17478,7138,17210
136,4597,2191,446,12564,3884,1028,2946,3967,3101,3099,2865,11352,2418,3749,1503,3242,1155,3577,3612,7877,5140,3075,11924,19713,22956,1066,17617,7230,17210
137,4923,2139,497,12603,3794,956,2979,3996,3037,3118,2853,11204,2379,3753,1480,3273,1172,3820,3498,7947,5085,3093,12085,19997,23208,1080,17760,7318,17210
138,4539,2148,504,12511,3737,1040,2974,4016,3012,3112,2856,11283,2369,3728,1445,3266,1146,3674,3465,7810,5100,3049,12246,20253,23439,1095,17905,7419,17210
139,4597,2109,472,12227,3713,968,2943,3933,3016,3101,2816,11264,2348,3660,1429,3326,1156,3620,3417,7722,5039,3104,12401,20522,23669,1120,18042,7501,17210
140,4500,2163,494,11987,3694,1005,3001,3905,3001,3039,2897,11174,2422,3728,1419,3287,1111,3583,3378,7586,4975,3028,12572,20807,23916,1148,18203,7587,17210
141,4340,2090,478,11819,3670,975,2930,3883,2910,3070,2906,11056,2357,3698,1441,3272,1079,3508,3345,7679,4980,2985,12721,21078,24145,1174,18340,7681,17210
142,4313,2078,424,11580,3631,932,2964,3865,2892,2988,2860,10893,2347,3674,1422,3213,1059,3459,3313,7679,5005,3015,12887,21338,24378,1196,18435,7770,17210
143,4291,2005,435,11436,3595,929,2870,3778,2867,2985,2810,10944,2395,3717,1389,3107,1059,3421,3322,7528,4939,3047,13035,21582,24594,1226,18425,7879,17210
144,4309,1986,433,11259,3512,951,2925,3677,2854,3001,2791,10869,2392,3620,1438,3087,1063,3430,3288,7476,4974,3002,13190,21831,24860,1245,18409,7999,17210
145,4103,2000,464,11285,3390,886,2800,3701,2860,2954,2746,10915,2317,3552,1381,3161,1088,3450,3276,7466,4920,2947,13325,22090,25110,1275,18390,8093,17210
146,4136,1968,427,11059,3454,939,2847,3627,2849,2832,2770,10724,2300,3532,1352,3203,1095,3431,3197,7440,4886,2918,13473,22344,25352,1297,18380,8187,17210
147,4079,1951,422,10865,3460,923,2797,3501,2889,2821,2703,10594,2316,3583,1336,3139,1068,3436,3232,7368,4826,2951,13629,22597,25581,1313,18385,8292,17210
148,3962,1867,420,10796,3436,858,2758,3521,2828,2830,2642,10609,2286,3557,1358,3068,1080,3393,3287,7274,4828,2910,13785,22820,25821,1336,18377,8388,17210
149,3995,1899,409,10530,3358,876,2691,3516,2739,2811,2653,10524,2277,3460,1361,3009,1081,3291,3299,7295,4872,2893,13952,23062,26029,1373,18396,8482,17210
150,3856,1892,402,10371,3352,892,2650,3492,2717,2774,2670,10416,2265,3533,1312,3093,1089,3185,3305,7202,4836,2880,14089,23302,26250,1389,18380,8577,17210
151,3919,1825,380,10217,3335,877,2610,3495,2706,2785,2662,10313,2254,3502,1282,3053,1083,3184,3268,7194,4795,2835,14235,23543,26446,1416,18385,8680,17210
152,3762,1832,402,10127,3205,841,2609,3418,2659,2777,2636,10284,2168,3512,1337,3028,1048,3251,3236,7186,4717,2825,14375,23778,26668,1441,18386,8771,17210
153,5526,2080,586,11709,3184,856,2775,3553,2636,2751,2635,10161,2193,3466,1308,2993,1076,4936,3219,7182,4678,2782,14526,24038,26900,1465,18381,8866,17210
154,4570,2191,567,12429,3174,1177,2918,3626,2666,2700,2586,10163,2290,3447,1302,2997,1061,4586,3395,7053,4611,2806,14665,24300,27098,1493,18391,8968,17210
155,4587,2122,444,12222,3183,1116,2853,3536,2663,2703,2602,10167,2234,3507,1257,2996,1015,4409,3567,7089,4515,2794,14811,24522,27336,1513,18379,9088,17210
156,4484,2105,448,11993,3284,1066,2750,3530,2675,2727,2586,10090,2264,3464,1295,3020,1034,4236,3558,7018,4526,2749,14953,24755,27523,1536,18389,9172,17210
157,4737,2110,466,12264,3328,1125,2779,3575,2669,2653,2538,9890,2211,3457,1283,3101,1058,4454,3487,7141,4510,2731,15114,25002,27765,1564,18376,9258,17210
158,4395,2185,463,12248,3406,1120,2739,3582,2587,2690,2507,9947,2201,3517,1291,3068,1086,4316,3564,6934,4505,2753,15252,25248,27976,1582,18389,9347,17210
159,4704,2098,446,12180,3498,1082,2720,3549,2610,2728,2491,9928,2180,3423,1325,3066,1070,4382,3618,7002,4457,2732,15407,25455,28190,1612,18383,9447,17210
160,4659,2098,508,12247,3470,1132,2722,3506,2648,2676,2515,9923,2145,3345,1332,3079,1076,4445,3651,7055,4492,2730,15561,25699,28381,1644,18381,9548,17210
161,4950,2176,550,12647,3414,1159,2744,3609,2649,2661,2465,9995,2137,3397,1354,3060,1086,4802,3655,7037,4422,2737,15700,25898,28604,1667,18381,9658,17210
162,5105,2190,567,13141,3441,1186,2832,3688,2610,2636,2490,10068,2139,3350,1339,3068,1113,4962,3721,6990,4370,2723,15846,26127,28810,1698,18388,9773,17210
163,5260,2268,524,13539,3451,1217,2947,3697,2669,2612,2493,10090,2124,3281,1346,3060,1124,5085,3902,6979,4359,2667,16028,26358,29065,1731,18384,9868,17210
164,5400,2316,605,13823,3518,1204,3004,3742,2700,2609,2520,10099,2129,3298,1365,3123,1173,5340,3945,6827,4355,2681,16161,26583,29257,1756,18379,9973,17210
165,5043,2357,544,13686,3612,1315,2961,3783,2704,2706,2461,10057,2073,3340,1323,3123,1173,5038,4039,6947,4335,2648,16310,26799,29468,1787,18391,10095,17210
166,4804,2289,510,13484,3723,1247,2958,3776,2697,2701,2453,10001,2112,3219,1307,3164,1213,4883,4025,7004,4382,2644,16460,27035,29678,1815,18375,10209,17210
167,4799,2266,453,13156,3758,1193,2932,3730,2692,2698,2475,10094,2081,3249,1282,3189,1189,4771,4029,6959,4343,2646,16627,27249,29882,1838,18397,10328,17210
168,4599,2155,481,12903,3735,1265,2946,3723,2672,2680,2462,10071,2052,3249,1302,3238,1231,4521,4000,6991,4363,2668,16758,27471,30077,1862,18380,10452,17210
169,4511,2138,470,12671,3679,1144,2858,3639,2695,2667,2471,10119,2107,3270,1301,3213,1263,4432,3941,6920,4399,2675,16912,27702,30261,1888,18394,10569,17210
170,4485,2073,446,12283,3655,1157,2904,3627,2661,2717,2563,10085,2105,3267,1336,3185,1297,4316,3897,6920,4351,2564,17073,27914,30464,1903,18376,10687,17210
171,4378,2051,398,12228,3510,1087,2835,3578,2637,2643,2545,10058,2158,3273,1354,3182,1354,4233,3759,6897,4358,2645,17231,28131,30660,1930,18392,10808,17210
172,4336,2020,403,12042,3490,1014,2766,3549,2639,2575,2514,9953,2095,3232,1304,3235,1329,4186,3746,7011,4441,2694,17361,28341,30876,1952,18377,10928,17210
173,4278,1994,397,11812,3421,1059,2747,3529,2554,2596,2523,10068,2141,3220,1274,3207,1278,4049,3751,6903,4453,2676,17508,28562,31065,1980,18388,11072,17210
174,4284,1950,420,11580,3411,1084,2744,3494,2565,2630,2448,9927,2103,3246,1315,3157,1246,3965,3760,6861,4424,2709,17675,28779,31241,2014,18375,11211,17210
175,4309,1909,447,11341,3418,969,2738,3477,2542,2575,2465,9873,2142,3257,1334,3150,1249,3973,3680,6718,4471,2689,17841,29022,31442,2045,18399,11322,17210
176,4051,1882,418,11300,3410,1028,2698,3424,2581,2550,2481,9735,2142,3268,1339,3201,1264,3826,3663,6778,4433,2675,17976,29229,31628,2073,18379,11420,17210
177,4115,1830,423,11081,3330,980,2620,3382,2604,2508,2519,9835,2160,3313,1292,3146,1230,3783,3688,6690,4362,2602,18123,29448,31815,2111,18382,11535,17210
178,3984,1790,411,11001,3267,959,2625,3407,2575,2515,2488,9611,2178,3218,1325,3102,1225,3728,3648,6829,4366,2567,18276,29670,32000,2151,18382,11664,17210
179,4252,1837,448,10969,3249,996,2642,3393,2590,2549,2397,9578,2122,3190,1388,3127,1223,3872,3581,6794,4334,2604,18405,29878,32179,2181,18387,11783,17210
180,5006,2008,546,11801,3289,996,2780,3459,2581,2535,2386,9554,2113,3213,1345,3117,1214,4597,3679,6706,4337,2550,18554,30118,32380,2204,18374,11877,17210
181,5341,2211,647,12887,3285,1161,2882,3513,2578,2534,2373,9637,2123,3251,1336,3084,1201,5171,3771,6618,4274,2608,18712,30317,32558,2237,18396,11984,17210
182,5748,2400,653,13815,3336,1263,3022,3638,2594,2568,2366,9754,2095,3244,1338,3128,1210,5800,3855,6580,4199,2570,18873,30540,32749,2256,18383,12084,17210
183,6061,2661,656,14708,3449,1386,3146,3752,2685,2553,2337,9689,2000,3285,1325,3170,1192,6293,4004,6712,4183,2595,19039,30740,32931,2296,18391,12193,17210
184,5322,2678,590,14648,3652,1526,3157,3813,2700,2584,2270,9681,2085,3239,1321,3162,1181,5752,4237,6732,4228,2626,19193,30970,33115,2323,18377,12287,17210
185,5287,2522,526,14318,3690,1451,3052,3740,2782,2502,2324,9987,2063,3225,1346,3176,1238,5493,4300,6667,4143,2665,19358,31179,33282,2350,18389,12411,17210
186,5163,2510,515,14059,3641,1381,3003,3776,2768,2505,2344,10083,2057,3184,1352,3235,1282,5385,4223,6664,4170,2657,19512,31397,33445,2397,18374,12539,17210
187,5175,2482,511,13774,3711,1326,2937,3780,2727,2509,2405,10068,2062,3227,1340,3197,1315,5267,4276,6709,4183,2649,19666,31607,33626,2428,18401,12653,17210
188,4887,2484,537,13490,3728,1319,2969,3819,2653,2504,2394,9999,2130,3215,1332,3173,1353,5064,4218,6774,4284,2634,19815,31842,33827,2454,18384,12780,17210
189,4930,2350,479,13270,3690,1185,2920,3672,2721,2559,2343,10037,2130,3207,1350,3225,1331,4980,4203,6789,4284,2666,19948,32067,34039,2482,18385,12892,17210
190,4726,2328,500,13009,3657,1251,2907,3674,2662,2584,2379,10089,2103,3212,1336,3304,1342,4799,4126,6767,4293,2636,20111,32283,34223,2515,18390,13000,17210
191,4764,2218,426,12907,3558,1109,2870,3644,2694,2553,2369,10024,2105,3242,1388,3280,1311,4699,4100,6835,4310,2632,20269,32472,34423,2555,18378,13143,17210
192,5045,2265,523,13280,3483,1173,2860,3655,2710,2570,2372,10036,2055,3288,1346,3308,1313,4924,4064,6855,4314,2604,20444,32670,34624,2586,18399,13258,17210
193,5231,2369,577,13616,3532,1251,2927,3640,2730,2530,2433,9908,2096,3300,1311,3316,1323,5108,4097,6933,4299,2563,20618,32872,34823,2612,18378,13377,17210
194,4849,2365,521,13492,3522,1276,2954,3707,2697,2514,2398,9866,2165,3303,1330,3245,1304,4837,4168,6951,4262,2603,20788,33107,35015,2644,18389,13507,17210
195,4761,2310,480,13327,3480,1203,2925,3660,2671,2537,2434,9892,2215,3346,1297,3250,1264,4719,4175,6906,4284,2606,20968,33298,35187,2673,18375,13643,17210
196,4693,2308,477,12869,3523,1233,2854,3661,2672,2497,2371,9986,2159,3311,1313,3271,1292,4584,4059,6916,4359,2621,21151,33509,35383,2705,18401,13746,17210
197,4534,2285,487,12632,3508,1181,2794,3634,2638,2537,2364,10012,2179,3315,1343,3234,1314,4523,4048,6875,4343,2614,21291,33731,35566,2740,18376,13864,17210
198,4506,2194,468,12379,3542,1078,2816,3516,2699,2526,2336,10006,2172,3291,1368,3227,1279,4410,4055,6818,4359,2628,21460,33952,35780,2770,18385,13980,17210
199,4400,2116,452,12316,3435,1151,2733,3575,2665,2541,2296,9995,2192,3283,1358,3215,1285,4301,3997,6823,4330,2610,21616,34177,35996,2799,18388,14104,17210
200,4428,2090,458,12059,3380,1156,2741,3613,2598,2553,2339,9901,2144,3314,1360,3247,1289,4224,3918,6896,4259,2563,21761,34389,36194,2826,18380,14218,17210
201,4545,2135,466,12086,3409,1058,2727,3594,2585,2544,2336,9761,2148,3357,1336,3228,1251,4383,3884,6921,4259,2537,21916,34606,36386,2872,18389,14352,17210
202,4661,2095,507,12082,3409,1090,2753,3541,2573,2534,2327,9743,2113,3387,1327,3263,1225,4435,3901,6810,4284,2570,22050,34833,36577,2905,18378,14471,17210
203,4333,2057,479,12089,3300,1134,2809,3522,2591,2549,2336,9729,2106,3324,1316,3302,1203,4275,3869,6788,4276,2533,22195,35055,36755,2948,18394,14583,17210
204,4287,2033,410,11801,3316,1086,2745,3471,2583,2554,2335,9730,2123,3340,1333,3297,1212,4172,3873,6786,4265,2512,22323,35251,36956,2989,18375,14698,17210
205,4232,1981,425,11507,3331,1051,2704,3417,2564,2482,2396,9783,2166,3276,1320,3239,1220,4057,3845,6810,4272,2482,22473,35463,37124,3028,18406,14808,17210
206,4124,1955,424,11308,3301,1025,2596,3379,2579,2473,2380,9866,2218,3216,1313,3202,1230,3982,3807,6792,4266,2456,22626,35654,37310,3067,18387,14932,17210
207,4093,1913,395,11107,3315,1037,2587,3360,2540,2500,2321,9880,2219,3232,1286,3216,1203,3900,3812,6723,4230,2474,22762,35862,37484,3109,18380,15027,17210
208,3932,1859,419,10996,3339,939,2604,3296,2514,2506,2279,9765,2223,3217,1274,3171,1194,3920,3794,6763,4205,2493,22907,36096,37671,3152,18383,15129,17210
209,4357,1853,462,10961,3348,966,2670,3272,2539,2462,2278,9578,2209,3212,1285,3184,1191,4202,3725,6800,4237,2495,23027,36313,37848,3181,18385,15238,17210
210,3920,1867,472,11052,3280,1033,2609,3287,2502,2522,2236,9708,2173,3299,1291,3182,1190,4039,3695,6672,4159,2504,23153,36513,38032,3212,18389,15344,17210
211,4092,1825,414,10694,3303,980,2549,3238,2533,2489,2282,9487,2142,3310,1308,3185,1226,4000,3664,6716,4235,2434,23296,36704,38212,3263,18383,15428,17210
212,3944,1824,414,10592,3194,966,2526,3286,2448,2452,2351,9587,2101,3238,1296,3180,1213,3825,3706,6707,4219,2392,23437,36922,38385,3306,18387,15551,17210
213,3771,1845,381,10477,3242,954,2504,3187,2434,2480,2288,9614,2169,3162,1294,3093,1199,3755,3720,6670,4141,2443,23587,37180,38542,3345,18384,15645,17210
214,4527,1875,454,10686,3236,948,2602,3178,2436,2461,2269,9517,2141,3237,1261,3123,1165,4237,3679,6651,4054,2434,23743,37380,38738,3382,18391,15758,17210
215,4141,1908,475,10945,3213,1048,2637,3191,2449,2428,2257,9419,2088,3214,1257,3145,1165,4123,3698,6688,4122,2440,23895,37593,38907,3416,18375,15863,17210
216,4044,1873,389,10901,3178,1029,2617,3157,2459,2406,2241,9474,2087,3148,1272,3134,1132,3988,3760,6690,4123,2443,24035,37789,39084,3455,18403,15976,17210
217,3899,1922,423,10761,3150,1036,2603,3156,2452,2398,2251,9428,2134,3204,1238,3129,1183,3935,3679,6631,4098,2407,24182,37955,39269,3486,18382,16083,17210
218,4060,1877,377,10519,3145,1028,2564,3177,2379,2416,2229,9435,2102,3215,1233,3160,1150,3889,3645,6511,4120,2404,24325,38151,39461,3526,18380,16183,17210
219,3870,1800,399,10470,3117,987,2592,3158,2421,2360,2193,9465,2084,3274,1249,3122,1168,3827,3654,6410,4109,2446,24456,38353,39630,3562,18393,16279,17210
220,3830,1809,390,10322,3080,963,2592,3168,2416,2408,2185,9325,2043,3319,1225,3155,1113,3844,3623,6421,4117,2448,24588,38527,39771,3596,18376,16381,17210
221,3690,1747,392,10312,3014,916,2519,3092,2408,2345,2179,9358,2065,3250,1217,3147,1125,3719,3573,6438,4208,2441,24725,38715,39938,3624,18392,16486,17210
222,3722,1722,360,10023,3055,941,2543,3088,2353,2367,2166,9325,2074,3198,1265,3167,1080,3586,3562,6391,4087,2438,24845,38925,40115,3661,18376,16600,17210
223,3871,1735,395,9982,3056,872,2503,3079,2339,2389,2197,9312,2089,3222,1273,3151,1116,3802,3474,6400,3976,2399,24991,39095,40284,3695,18399,16699,17210
224,4943,499,385,9963,3989,934,3353,3041,2301,2334,2242,2655,2095,3212,1257,3045,333,3612,4153,9617,5634,2372,25139,39277,40464,3735,18378,17058,17210
225,3764,611,508,10735,3643,882,3171,3105,2322,2417,2279,3870,2225,3486,1264,3110,368,3674,3934,8716,5133,2295,25282,39472,40647,3763,18392,17138,17210
226,4171,485,405,10387,3629,965,3040,2995,2361,2562,2201,3543,2347,3568,1262,3071,370,3607,3871,8745,5067,2397,25426,39699,40801,3792,18374,17251,17210
227,3868,563,379,10638,3536,892,2948,3018,2381,2537,2194,3462,2335,3651,1276,3184,363,3582,3879,8593,5087,2356,25557,39925,41018,3817,18393,17380,17210
228,4130,516,400,10556,3440,931,2982,3055,2378,2611,2123,3425,2374,3748,1325,3267,364,3685,3823,8335,5042,2359,25714,40143,41188,3856,18379,17536,17210
229,3935,550,396,10744,3401,931,2899,3095,2352,2581,2164,3408,2440,3792,1352,3266,394,3633,3862,8234,4968,2352,25861,40372,41343,3896,18390,17669,17210
230,4062,547,398,10739,3442,1004,2851,3038,2388,2548,2224,3456,2448,3739,1392,3304,373,3685,3919,8180,4972,2349,26001,40600,41477,3940,18385,17872,17210
231,3876,529,427,10641,3408,1006,2830,3116,2373,2519,2206,3326,2471,3690,1440,3327,364,3667,3826,8097,4997,2371,26161,40818,41644,3976,18390,17994,17210
232,3953,499,391,10443,3466,917,2713,3110,2397,2495,2233,3208,2414,3717,1419,3349,381,3743,3738,8082,4947,2354,26301,41061,41813,4015,18376,18112,17210
233,3752,529,426,10352,3421,942,2693,3032,2440,2495,2222,3289,2440,3725,1439,3325,340,3666,3726,7902,4871,2377,26451,41295,41987,4042,18403,18222,17210
234,3882,526,420,10110,3345,921,2709,3008,2423,2528,2262,3219,2397,3751,1385,3412,348,3581,3762,7719,4826,2343,26606,41557,42154,4085,18381,18325,17210
235,3776,469,413,10125,3322,931,2683,3025,2385,2506,2259,3120,2387,3703,1393,3342,322,3500,3795,7676,4833,2325,26777,41799,42327,4121,18399,18453,17210
236,3790,508,375,10148,3276,905,2677,3002,2364,2532,2214,3060,2371,3689,1438,3350,373,3563,3733,7655,4797,2345,26896,42001,42495,4155,18382,18589,17210
237,3854,495,377,10122,3238,933,2676,3063,2302,2501,2259,3123,2363,3668,1433,3330,365,3578,3745,7542,4780,2316,27040,42213,42649,4199,18398,18741,17210
238,3652,540,399,10089,3220,928,2625,3000,2351,2498,2245,3045,2365,3677,1465,3354,373,3551,3696,7476,4742,2296,27181,42424,42835,4232,18376,18842,17210
239,3692,507,411,10024,3146,899,2566,2954,2365,2435,2199,3040,2376,3724,1442,3355,352,3508,3674,7390,4628,2346,27320,42670,43011,4264,18397,18956,17210
240,3667,487,370,9927,3056,899,2585,2965,2346,2401,2163,2999,2375,3580,1487,3387,402,3457,3558,7471,4599,2361,27459,42890,43163,4311,18380,19080,17210
241,3727,465,369,9761,3077,866,2529,2978,2356,2365,2153,2964,2370,3630,1475,3310,346,3444,3609,7343,4582,2329,27634,43105,43328,4362,18397,19220,17210
242,3497,503,381,9667,3058,883,2511,2984,2374,2373,2145,2994,2338,3594,1523,3311,351,3374,3612,7198,4518,2304,27774,43344,43527,4389,18376,19335,17210
243,3667,463,346,9556,3028,836,2454,2994,2354,2387,2170,2900,2377,3633,1430,3333,380,3412,3484,7224,4410,2316,27917,43536,43669,4434,18399,19435,17210
244,3570,452,371,9513,3014,855,2429,2931,2340,2414,2203,2923,2374,3587,1446,3295,356,3382,3527,7111,4403,2255,28078,43780,43835,4475,18388,19566,17210
245,3583,485,324,9432,3037,859,2388,2938,2318,2443,2192,2831,2309,3575,1429,3360,325,3334,3539,7131,4342,2268,28198,43993,43987,4509,18382,19691,17210
246,3431,465,360,9444,2964,875,2437,2892,2301,2460,2175,2840,2297,3546,1431,3308,346,3311,3499,7053,4330,2289,28357,44209,44151,4551,18398,19782,17210
247,3463,459,368,9265,2914,828,2426,2947,2268,2387,2234,2841,2315,3472,1452,3231,318,3385,3536,7018,4351,2243,28501,44410,44310,4591,18374,19895,17210
248,3322,459,352,9178,2930,848,2442,2953,2180,2414,2199,2866,2266,3461,1436,3231,364,3313,3397,6855,4288,2308,28661,44617,44441,4628,18405,19988,17210
249,3640,419,328,9107,2924,829,2391,2880,2237,2389,2183,2854,2315,3456,1441,3126,340,3400,3488,6784,4293,2317,28799,44792,44597,4666,18386,20129,17210
250,3358,478,392,9153,3001,930,2419,2896,2187,2399,2188,2777,2243,3366,1432,3159,319,3321,3536,6760,4355,2315,28933,45020,44737,4712,18395,20253,17210
251,3440,460,341,9131,2979,878,2363,2841,2141,2428,2180,2779,2217,3355,1436,3111,325,3333,3522,6748,4332,2322,29056,45222,44882,4754,18374,20364,17210
252,3341,445,347,9116,2997,866,2378,2850,2097,2471,2113,2684,2212,3396,1366,3234,344,3326,3402,6698,4288,2338,29197,45400,45053,4779,18400,20456,17210
253,3443,434,356,8966,2940,843,2339,2792,2124,2407,2093,2731,2201,3358,1349,3158,321,3346,3478,6605,4283,2333,29339,45642,45216,4822,18385,20565,17210
254,3289,460,352,8988,2886,822,2350,2756,2140,2380,2090,2791,2119,3318,1363,3172,323,3329,3429,6571,4308,2276,29487,45825,45379,4862,18386,20693,17210
255,3279,427,305,8810,2850,832,2393,2717,2168,2372,2072,2787,2141,3307,1319,3111,332,3283,3391,6483,4283,2247,29604,46031,45541,4908,18374,20796,17210
256,3214,429,336,8712,2845,834,2404,2730,2132,2360,2050,2709,2076,3260,1322,3130,357,3313,3311,6553,4227,2278,29763,46216,45692,4938,18411,20896,17210
257,3191,459,312,8605,2856,839,2384,2718,2151,2257,2077,2658,2042,3277,1312,3097,333,3249,3408,6603,4205,2259,29902,46399,45838,4984,18395,21023,17210
258,3163,426,309,8553,2791,849,2382,2731,2142,2269,2078,2756,2068,3268,1291,3036,344,3211,3441,6415,4163,2220,30029,46581,45973,5025,18374,21131,17210
259,3165,441,322,8448,2745,760,2318,2684,2125,2256,2105,2689,2080,3276,1289,3020,324,3235,3361,6383,4158,2214,30130,46798,46106,5066,18411,21237,17210
260,3151,421,306,8482,2721,797,2244,2653,2105,2210,2108,2719,2120,3260,1282,2966,330,3123,3367,6280,4125,2216,30252,46967,46235,5099,18401,21333,17210
261,3052,391,304,8423,2767,804,2238,2647,2087,2243,2063,2603,2049,3193,1339,2964,345,3063,3287,6373,4096,2213,30360,47141,46394,5138,18383,21440,17210
262,3099,409,311,8156,2742,795,2215,2616,2065,2221,2095,2616,2045,3210,1291,3034,304,3039,3228,6319,4083,2150,30482,47324,46538,5192,18389,21534,17210
263,3136,425,332,8215,2692,747,2225,2550,2055,2236,2089,2626,2027,3195,1324,2957,329,3068,3317,6328,4084,2124,30598,47503,46682,5237,18375,21627,17210
264,3183,411,319,8200,2698,792,2239,2618,2006,2249,2034,2570,2092,3166,1317,2962,300,3073,3267,6357,3958,2130,30717,47700,46817,5291,18390,21773,17210
265,3017,396,336,8141,2735,754,2158,2612,2082,2174,1980,2651,2052,3145,1319,2981,322,3065,3236,6259,3977,2165,30838,47866,46946,5336,18384,21879,17210
266,3014,425,291,8010,2716,814,2165,2567,2024,2177,1995,2557,2045,3129,1295,2916,322,3009,3239,6296,4005,2175,30949,48028,47071,5370,18395,21984,17210
267,2947,410,318,7944,2674,793,2135,2548,2071,2185,1990,2653,2028,3134,1294,2914,302,3036,3151,6194,3934,2130,31063,48220,47192,5428,18377,22095,17210
268,2961,398,295,7937,2639,771,2108,2508,2062,2135,1992,2539,2001,3136,1262,2907,299,2984,3149,6253,3941,2100,31187,48401,47319,5468,18393,22192,17210
269,2990,401,314,7851,2572,724,2013,3468,602,2618,1987,2645,2026,3134,1232,2919,308,2937,3125,6137,3844,2100,31313,48599,47470,5512,18378,22295,17210
270,2935,401,307,7712,2634,752,2108,3141,770,2465,2040,2445,1990,3132,1263,2902,324,2886,3105,6100,3871,2177,31439,48785,47597,5552,18388,22369,17210
271,2876,382,304,7658,2598,754,2082,3034,680,2441,2047,2507,2006,3117,1279,2885,316,2805,3088,5980,3796,2242,31559,48992,47720,5597,18378,22467,17210
272,3223,392,294,7780,2586,696,2103,3036,691,2419,2067,2397,2004,3115,1261,2842,335,2979,3216,6145,3938,2209,31664,49165,47887,5635,18396,22667,17210
273,2897,402,339,7855,2522,720,2095,2978,661,2414,2119,2560,1982,3155,1274,2835,321,2936,3185,5995,3858,2199,31771,49326,48037,5674,18383,22766,17210
274,3030,372,316,7646,2513,741,2054,2915,689,2389,2033,2495,1947,3130,1248,2856,308,2884,3159,5977,3860,2220,31905,49511,48220,5708,18388,22862,17210
275,2838,408,283,7742,2469,711,2034,2843,651,2330,2041,2450,1960,3049,1205,2887,269,2916,3101,5959,3906,2222,32026,49732,48377,5748,18378,22958,17210
276,2940,371,332,7475,2474,743,2046,2785,632,2277,2099,2414,1981,3026,1173,2910,308,2875,3014,5918,3865,2132,32133,49902,48553,5798,18396,23038,17210
277,2795,382,296,7494,2471,712,2106,2699,645,2253,2084,2400,1949,2975,1183,2922,342,2865,2914,5932,3737,2164,32251,50090,48716,5837,18377,23136,17210
278,2809,358,283,7537,2481,740,2049,2656,607,2273,2107,2380,1899,2953,1226,2879,281,2743,2947,5906,3655,2121,32357,50223,48840,5894,18396,23244,17210
279,2817,379,262,7568,2418,704,2030,2644,606,2270,2037,2416,1923,2952,1234,2872,300,2780,2892,5857,3602,2152,32479,50390,49016,5919,18383,23350,17210
280,2901,376,280,7511,2444,708,2061,2703,584,2205,1995,2334,1925,2980,1193,2831,291,2755,2961,5831,3689,2150,32608,50570,49157,5972,18382,23471,17210
281,2833,391,286,7459,2368,728,2035,2622,612,2167,1993,2357,1919,2966,1178,2771,302,2761,2914,5743,3731,2135,32737,50745,49300,6015,18384,23569,17210
282,2733,375,244,7446,2404,726,1955,2632,630,2167,2041,2370,1889,3000,1153,2768,293,2727,2933,5686,3685,2045,32840,50900,49442,6049,18390,23651,17210
283,2751,363,251,7325,2354,620,1990,2625,603,2196,2004,2286,1873,2970,1151,2756,287,2725,2961,5743,3659,2051,32929,51071,49565,6108,18381,23729,17210
284,2589,337,289,7353,2328,701,1961,2589,632,2140,2016,2371,1851,3002,1135,2729,288,2616,2953,5646,3626,2003,33021,51237,49717,6151,18394,23805,17210
285,2651,338,252,7186,2324,657,1940,2549,588,2155,1963,2328,1812,2950,1190,2736,302,2592,2892,5608,3616,2005,33114,51406,49848,6208,18377,23893,17210
286,2593,364,279,7079,2296,670,1906,2419,633,2101,1959,2209,1815,2889,1199,2694,312,2538,2862,5644,3615,2008,33239,51577,49986,6248,18404,23975,17210
287,2678,328,270,6971,2245,623,1823,2465,547,2065,1972,2276,1798,2842,1168,2726,302,2554,2840,5563,3585,1986,33323,51745,50118,6292,18383,24058,17210
288,2516,356,258,6922,2206,667,1838,2461,545,1979,1956,2271,1757,2868,1149,2781,304,2475,2768,5552,3532,1961,33431,51909,50248,6343,18392,24134,17210
289,2490,347,243,6850,2189,619,1840,2395,554,1968,1946,2236,1808,2790,1169,2746,281,2488,2734,5436,3587,1938,33539,52078,50357,6383,18377,24224,17210
290,2525,339,245,6696,2144,648,1810,2322,558,1998,1889,2225,1785,2830,1150,2666,256,2473,2721,5422,3493,1954,33669,52216,50488,6434,18396,24293,17210
291,2475,336,274,6627,2151,614,1798,2286,574,1987,1835,2128,1755,2777,1181,2611,285,2419,2725,5425,3462,1959,33789,52369,50617,6472,18378,24364,17210
292,3285,390,307,7076,2208,570,1939,2575,527,2083,1838,2195,1708,2737,1145,2595,293,2872,3201,5797,3608,1942,33897,52532,50750,6513,18390,24692,17210
293,2716,445,329,7338,2216,718,1946,2540,595,2052,1832,2369,1701,2711,1154,2667,330,2719,3093,5664,3473,1894,33982,52695,50901,6554,18390,24784,17210
294,2923,369,275,7370,2284,633,1966,2514,602,2042,1813,2267,1738,2677,1104,2693,351,2815,3070,5721,3435,1915,34085,52842,51022,6597,18376,24921,17210
295,2678,395,276,7380,2342,736,1943,2443,580,2057,1800,2237,1702,2786,1097,2662,298,2699,3027,5606,3437,1915,34210,52958,51132,6645,18390,25018,17210
296,2748,353,257,7273,2363,660,1949,2397,568,2042,1805,2231,1742,2762,1097,2601,290,2720,2994,5536,3410,1918,34334,53123,51269,6686,18380,25103,17210
297,2979,367,280,7404,2389,663,1961,2448,567,2020,1782,2158,1753,2752,1093,2650,322,2839,2986,5634,3455,1928,34455,53279,51396,6722,18402,25254,17210
298,2861,401,283,7431,2367,706,1916,2441,561,1974,1822,2358,1776,2672,1109,2615,307,2861,2982,5518,3425,1873,34579,53401,51521,6772,18378,25368,17210
299,2906,402,294,7518,2368,729,1939,2487,540,2002,1788,2297,1791,2737,1083,2640,302,2872,3041,5509,3495,1883,34655,53536,51641,6816,18391,25516,17210
300,2819,372,290,7463,2348,742,1969,2434,585,2009,1770,2214,1794,2720,1070,2647,314,2904,2934,5467,3572,1874,34760,53687,51767,6853,18377,25599,17210
301,2751,380,278,7495,2330,743,1918,2424,528,1992,1805,2221,1806,2709,1061,2651,297,2856,2913,5453,3510,1881,34838,53817,51885,6891,18410,25687,17210
302,2684,402,285,7480,2332,688,1939,2351,566,1970,1777,2234,1822,2718,1061,2627,270,2840,2931,5354,3495,1916,34938,53921,52015,6935,18394,25787,17210
303,2839,376,276,7280,2328,747,1881,2332,537,1946,1757,2254,1794,2678,1090,2596,333,2797,2851,5346,3514,1892,35055,54063,52157,6979,18379,25857,17210
304,2701,379,277,7330,2282,669,1892,2355,513,1955,1754,2219,1732,2699,1090,2555,275,2818,2891,5326,3508,1882,35167,54201,52269,7025,18395,25977,17210
305,2680,386,266,7298,2275,736,1827,2337,542,1883,1769,2186,1752,2661,1099,2571,285,2761,2816,5333,3517,1863,35275,54325,52394,7059,18375,26067,17210
306,2672,346,283,7287,2267,688,1839,2306,541,1901,1758,2211,1702,2658,1144,2552,246,2705,2830,5345,3429,1862,35373,54450,52498,7107,18389,26173,17210
307,2772,360,269,7095,2228,687,1859,2283,566,1881,1751,2198,1700,2636,1090,2662,259,2681,2747,5312,3400,1845,35459,54603,52615,7155,18384,26254,17210
308,2737,366,298,7067,2199,624,1820,2340,519,1890,1739,2180,1698,2678,1101,2595,293,2660,2750,5267,3346,1821,35549,54772,52716,7202,18383,26330,17210
309,2675,380,265,7051,2223,648,1842,2277,537,1866,1746,2191,1644,2745,1066,2595,259,2621,2760,5232,3359,1803,35641,54894,52845,7236,18392,26417,17210
310,2703,349,271,6980,2236,658,1837,2254,596,1812,1778,2138,1726,2642,1043,2512,259,2579,2799,5220,3392,1770,35730,55085,52931,7289,18374,26517,17210
311,2563,362,282,7092,2239,636,1823,2359,495,1875,1726,2201,1707,2674,1041,2554,290,2605,2770,5135,3351,1794,35814,55205,53013,7336,18411,26608,17210
312,2683,394,264,6976,2243,654,1844,2332,524,1838,1699,2075,1755,2677,1042,2513,297,2643,2741,5204,3335,1813,35937,55320,53151,7375,18398,26697,17210
313,2723,371,253,7043,2250,661,1834,2308,565,1827,1668,2201,1712,2610,1138,2549,251,2603,2811,5173,3391,1881,36015,55320,53228,7428,18378,26803,17210
314,2769,385,277,6978,2237,679,1860,2340,521,1874,1687,2175,1663,2715,1085,2559,286,2602,2810,5302,3366,1831,36126,55320,53349,7469,18400,26901,17210
315,2647,378,255,7146,2218,680,1882,2239,546,1932,1674,2116,1593,2658,1163,2561,286,2617,2771,5388,3415,1841,36226,55320,53460,7513,18384,27000,17210
316,2676,385,279,6981,2216,660,1846,2185,493,1912,1742,2214,1624,2625,1161,2540,310,2596,2736,5321,3407,1813,36326,55320,53566,7556,18393,27076,17210
317,2618,372,240,6997,2187,651,1808,2195,496,1912,1756,2188,1661,2672,1208,2490,255,2558,2764,5257,3398,1761,36441,55320,53660,7608,18379,27157,17210
318,2552,347,261,6927,2140,679,1810,2169,502,1886,1754,2116,1683,2685,1205,2514,297,2508,2662,5314,3399,1753,36543,55320,53760,7653,18397,27223,17210
319,2660,346,246,6886,2148,646,1818,2179,479,1850,1679,2155,1670,2709,1198,2512,252,2601,2776,5381,3477,1877,36628,55320,53846,7690,18386,27312,17210
320,2616,322,277,7004,2161,653,1826,2282,469,1897,1716,2169,1708,2717,1202,2519,303,2595,2745,5392,3525,1769,36705,55320,53967,7723,18385,27416,17210
321,2573,352,271,6901,2171,632,1778,2223,520,1907,1678,2189,1789,2743,1208,2482,272,2578,2764,5286,3526,1760,36803,55320,54084,7768,18391,27499,17210
322,2520,313,264,6845,2152,651,1800,2174,522,1883,1701,2140,1772,2746,1204,2489,315,2553,2714,5348,3491,1793,36900,55320,54179,7821,18376,27567,17210
323,2513,316,251,6731,2112,626,1755,2159,523,1889,1679,2227,1768,2713,1208,2545,332,2534,2662,5253,3524,1809,36985,55320,54306,7857,18409,27632,17210
324,2423,336,259,6609,2135,707,1775,2159,518,1875,1610,2132,1697,2758,1165,2545,309,2490,2679,5321,3556,1790,37093,55320,54432,7904,18392,27734,17210
325,2533,305,268,6515,2135,660,1785,2152,488,1908,1716,2171,1692,2744,1193,2517,286,2521,2784,5417,3481,1707,37175,55320,54552,7938,18378,27832,17210
326,2374,330,245,6524,2091,613,1803,2142,502,1873,1720,2171,1688,2715,1198,2573,269,2522,2736,5462,3459,1714,37243,55320,54677,7981,18392,27914,17210
327,2422,314,238,6391,2109,617,1781,2118,506,1926,1687,2182,1715,2742,1219,2580,290,2446,2728,5350,3445,1702,37341,55320,54765,8027,18382,27986,17210
328,2417,334,249,6275,2095,596,1802,2155,492,1905,1691,2117,1700,2766,1200,2619,276,2437,2695,5343,3472,1646,37441,55320,54857,8078,18396,28055,17210
329,2383,316,233,6263,2049,598,1792,2137,515,1862,1649,2130,1710,2789,1200,2597,282,2386,2694,5297,3513,1680,37542,55320,54962,8124,18378,28128,17210
330,2341,322,231,6226,2057,596,1767,2127,504,1851,1657,2141,1711,2743,1209,2617,288,2410,2588,5314,3490,1638,37631,55320,55075,8179,18397,28199,17210
331,2316,303,263,6144,2059,597,1726,2039,515,1878,1588,2080,1686,2795,1192,2580,281,2409,2625,5373,3475,1701,37727,55320,55201,8206,18377,28273,17210
332,2353,296,248,6142,2062,584,1719,2067,479,1836,1610,2145,1690,2787,1188,2536,270,2341,2626,5290,3501,1691,37839,55320,55294,8253,18401,28360,17210
333,2281,321,221,6143,2001,587,1736,2075,470,1839,1588,2122,1610,2795,1223,2503,295,2301,2654,5433,3430,1724,37944,55320,55403,8301,18389,28418,17210
334,2447,304,244,6143,2053,581,1743,2087,501,1842,1585,2146,1687,2795,1206,2503,282,2393,2660,5398,3479,1649,38058,55320,55516,8355,18378,28548,17210
335,2466,315,280,6262,2058,597,1730,2168,509,1822,1588,2174,1689,2797,1193,2523,293,2435,2662,5397,3548,1629,38159,55320,55619,8393,18394,28659,17210
336,2362,313,236,6209,2096,589,1731,2153,517,1829,1550,2142,1645,2756,1223,2522,268,2429,2674,5400,3581,1622,38261,55320,55710,8439,18374,28732,17210
337,2260,305,231,6200,2093,605,1685,2115,491,1864,1502,2241,1633,2780,1241,2551,269,2395,2582,5344,3463,1663,38367,55320,55810,8489,18405,28783,17210
338,2294,270,222,6202,2057,593,1661,2050,513,1872,1526,2152,1634,2763,1231,2588,274,2320,2569,5271,3530,1634,38471,55320,55916,8524,18391,28843,17210
339,2383,327,236,6425,2069,546,1731,2186,463,1944,1551,2119,1668,2833,1236,2531,266,2535,2680,5357,3457,1629,38580,55320,56013,8581,18390,28982,17210
340,2363,325,216,6282,2053,650,1788,2118,522,1890,1565,2104,1672,2828,1211,2537,279,2430,2673,5282,3483,1655,38671,55320,56088,8622,18380,29031,17210
341,2283,282,220,6304,2046,629,1742,2068,511,1910,1609,2123,1677,2841,1195,2550,279,2358,2654,5323,3369,1627,38757,55320,56206,8657,18405,29093,17210
342,2238,309,246,6201,2023,567,1719,2085,493,1863,1612,2101,1722,2794,1216,2545,251,2416,2626,5292,3459,1584,38839,55320,56300,8703,18392,29162,17210
343,2303,303,248,6079,1950,575,1665,2027,497,1814,1623,2187,1717,2760,1193,2521,260,2354,2654,5309,3457,1590,38942,55320,56391,8749,18379,29218,17210
344,2285,298,226,6002,1936,573,1633,2002,485,1800,1575,2138,1696,2760,1206,2532,285,2345,2528,5334,3466,1660,39058,55320,56494,8779,18386,29290,17210
345,2205,306,228,5955,1995,625,1607,1978,511,1824,1560,2111,1787,2725,1220,2481,277,2226,2538,5315,3384,1650,39132,55320,56575,8827,18380,29357,17210
346,2364,331,205,5858,2001,573,1637,2000,499,1789,1534,2063,1733,2735,1230,2518,252,2267,2508,5327,3430,1669,39240,55320,56666,8873,18403,29461,17210
347,2357,332,236,5952,1978,563,1711,2120,432,1817,1481,2085,1735,2757,1251,2530,260,2334,2532,5291,3421,1675,39345,55320,56785,8914,18386,29580,17210
348,2216,319,248,5995,2012,611,1703,2020,498,1851,1545,2121,1730,2751,1235,2523,272,2237,2539,5261,3357,1631,39418,55320,56864,8971,18386,29665,17210
349,2266,293,209,5970,2009,593,1710,2067,453,1797,1546,2160,1751,2774,1254,2496,261,2224,2488,5216,3323,1658,39512,55320,56944,9017,18378,29729,17210
350,2124,266,219,6010,2027,590,1737,2028,484,1799,1556,1998,1696,2787,1287,2533,258,2220,2365,5254,3339,1627,39609,55320,57028,9070,18409,29778,17210
351,2175,288,217,5930,1951,542,1654,1987,489,1791,1568,2137,1736,2771,1231,2512,248,2261,2339,5164,3369,1588,39703,55320,57096,9127,18393,29831,17210
352,2126,283,190,5931,1972,578,1648,1945,475,1817,1566,2042,1741,2703,1229,2519,265,2216,2317,5214,3354,1562,39797,55320,57186,9180,18377,29865,17210
353,2073,306,201,5816,2017,552,1646,1925,463,1787,1597,2074,1764,2721,1289,2411,220,2121,2414,5150,3262,1542,39900,55320,57283,9238,18400,29926,17210
354,2438,329,245,5952,1997,535,1593,1943,479,1794,1556,2076,1715,2741,1249,2448,265,2257,2507,5308,3357,1545,39999,55320,57368,9290,18387,30078,17210
355,2265,319,224,6013,1939,549,1650,1930,468,1795,1587,2143,1743,2695,1258,2456,265,2240,2480,5201,3364,1533,40097,55320,57471,9328,18392,30145,17210
356,2285,314,253,5931,1950,561,1634,1921,458,1797,1551,2028,1700,2704,1229,2504,233,2208,2461,5310,3360,1556,40169,55320,57568,9376,18376,30212,17210
357,2230,313,200,5984,1948,586,1600,1951,434,1775,1508,2178,1664,2695,1200,2498,257,2154,2461,5247,3396,1558,40259,55320,57646,9433,18406,30256,17210
358,2250,313,253,5840,1979,557,1604,1953,451,1768,1515,2067,1663,2722,1226,2438,250,2187,2506,5230,3435,1511,40368,55320,57765,9464,18384,30326,17210
359,2259,314,217,5773,1970,597,1625,1926,475,1758,1504,2080,1659,2727,1216,2406,285,2174,2464,5262,3402,1517,40461,55320,57853,9514,18392,30383,17210
360,2151,299,215,5868,1937,534,1585,1928,482,1783,1485,2118,1654,2726,1255,2383,260,2245,2491,5189,3398,1520,40566,55320,57937,9568,18378,30446,17210
361,2144,283,201,5728,1954,579,1617,1857,488,1778,1518,2009,1688,2704,1219,2359,251,2181,2482,5199,3460,1508,40650,55320,58023,9619,18397,30505,17210
362,2178,297,216,5737,1907,568,1575,1868,424,1811,1524,2155,1670,2681,1259,2372,272,2220,2473,5133,3401,1510,40733,55320,58132,9660,18379,30583,17210
363,2181,338,200,5640,2001,555,1652,1889,380,1792,1536,2116,1686,2665,1239,2402,246,2189,2526,5132,3398,1533,40801,55320,58204,9716,18398,30660,17210
364,2142,291,220,5723,1998,523,1657,1901,461,1765,1527,2100,1676,2680,1211,2439,287,2225,2502,5179,3314,1513,40888,55320,58313,9757,18377,30743,17210
365,2207,302,246,5779,1989,547,1658,1972,454,1772,1498,2098,1684,2668,1246,2391,262,2229,2590,5214,3391,1510,40969,55320,58394,9799,18409,30835,17210
366,2197,309,193,5737,2017,562,1638,1934,463,1742,1480,2084,1652,2717,1230,2453,314,2202,2484,5163,3338,1539,41072,55320,58492,9851,18391,30901,17210
367,2116,314,245,5751,1950,577,1630,1962,386,1760,1472,2087,1663,2743,1235,2465,267,2184,2474,5116,3288,1555,41142,55320,58571,9899,18375,30970,17210
368,2218,289,239,5796,1884,552,1620,1941,455,1695,1475,2094,1651,2752,1216,2454,253,2226,2503,5148,3339,1539,41224,55320,58644,9954,18408,31063,17210
369,2101,271,208,5819,1888,561,1611,1935,447,1670,1500,2026,1672,2722,1192,2506,261,2152,2477,5155,3349,1576,41294,55320,58732,9999,18394,31133,17210
370,2180,313,223,5659,1870,538,1606,1928,433,1695,1500,2091,1716,2730,1212,2472,259,2140,2503,5042,3263,1534,41388,55320,58830,10049,18378,31188,17210
371,2147,315,243,5600,1919,579,1589,1902,449,1703,1510,1953,1688,2660,1164,2517,281,2057,2447,5117,3343,1496,41482,55320,58918,10094,18400,31256,17210
372,2091,293,220,5687,1843,494,1624,1873,469,1690,1504,2111,1667,2623,1191,2450,290,2154,2439,5032,3287,1482,41559,55320,59010,10135,18387,31313,17210
373,2103,291,201,5573,1868,540,1615,1918,462,1674,1457,2048,1621,2628,1176,2483,260,2136,2428,5048,3301,1498,41642,55320,59093,10183,18386,31374,17210
374,2020,267,205,5594,1870,521,1588,1875,475,1740,1396,2030,1650,2655,1182,2324,252,2176,2458,5044,3274,1529,41748,55320,59180,10223,18384,31436,17210
375,2065,278,208,5499,1816,551,1577,1885,452,1695,1457,2048,1624,2636,1190,2272,253,2123,2468,5062,3252,1500,41822,55320,59238,10273,18394,31496,17210
376,2045,266,197,5501,1870,499,1537,1900,430,1676,1493,1976,1628,2661,1161,2288,253,2132,2406,5077,3205,1444,41892,55320,59345,10322,18380,31588,17210
377,1971,289,211,5498,1855,556,1558,1826,450,1690,1478,1941,1608,2695,1143,2280,251,2078,2363,5011,3177,1471,41982,55320,59404,10386,18390,31648,17210
378,2065,292,182,5458,1862,528,1465,1840,448,1644,1472,2038,1561,2712,1137,2319,279,2094,2370,5004,3118,1480,42058,55320,59488,10431,18381,31697,17210
379,2079,282,204,5399,1879,529,1494,1877,434,1632,1445,1953,1556,2657,1165,2316,268,2074,2399,5021,3129,1504,42131,55320,59573,10479,18388,31769,17210
380,2072,321,215,5374,1859,525,1456,1829,456,1665,1463,1951,1522,2600,1162,2341,241,2084,2398,5069,3111,1492,42211,55320,59662,10520,18390,31860,17210
381,2059,290,238,5379,1883,500,1419,1836,411,1669,1471,2021,1521,2619,1125,2334,247,2062,2412,4929,3080,1485,42295,55320,59738,10578,18394,31922,17210
382,2150,289,211,5442,1879,507,1473,1855,436,1650,1454,1882,1582,2622,1154,2261,263,2034,2460,4997,3084,1496,42379,55320,59813,10625,18380,31985,17210
383,2169,330,206,5584,1894,525,1458,1891,438,1637,1465,1877,1551,2621,1160,2336,268,2108,2430,5026,3125,1481,42449,55320,59893,10680,18413,32098,17210
384,2284,319,225,5685,1906,516,1436,1883,461,1618,1446,1971,1534,2676,1115,2398,266,2110,2541,5022,3104,1532,42521,55320,59957,10730,18402,32205,17210
385,2028,316,218,5785,1924,530,1445,1867,456,1663,1429,1958,1533,2604,1197,2347,263,2088,2506,4962,3134,1530,42606,55320,60041,10785,18384,32264,17210
386,2144,255,187,5677,1885,526,1457,1839,440,1640,1434,1980,1534,2651,1154,2339,260,2093,2420,4887,3164,1517,42716,55320,60113,10840,18391,32324,17210
387,2045,276,212,5646,1863,518,1492,1812,443,1627,1484,1916,1490,2638,1181,2373,271,2054,2364,4841,3225,1467,42812,55320,60186,10889,18374,32372,17210
388,2043,280,202,5550,1862,492,1482,1848,429,1626,1479,1995,1496,2612,1153,2400,233,2000,2330,4768,3209,1443,42908,55320,60260,10944,18400,32431,17210
389,2099,299,218,5450,1929,474,1516,1833,429,1610,1462,1893,1574,2620,1168,2346,241,2050,2337,4833,3173,1464,42997,55320,60334,10985,18375,32512,17210
390,2117,275,239,5520,1894,521,1543,1838,449,1668,1421,1909,1550,2662,1139,2375,261,2017,2355,4851,3144,1482,43071,55320,60394,11036,18404,32582,17210
391,2174,261,216,5624,1905,490,1555,1832,451,1655,1440,1934,1616,2589,1175,2384,246,2087,2414,4752,3211,1465,43132,55320,60473,11089,18381,32662,17210
392,2008,288,213,5629,1929,514,1562,1855,425,1668,1420,1936,1554,2626,1180,2419,241,2013,2422,4771,3134,1459,43210,55320,60540,11147,18400,32717,17210
393,2141,292,210,5508,1922,502,1510,1813,413,1649,1443,1923,1570,2538,1192,2380,252,2022,2403,4779,3196,1447,43274,55320,60608,11200,18381,32779,17210
394,2117,288,212,5434,1915,499,1517,1842,451,1616,1449,1952,1577,2538,1164,2400,244,1991,2363,4736,3174,1411,43349,55320,60669,11266,18400,32840,17210
395,2056,255,215,5456,1905,523,1523,1798,448,1621,1449,1913,1595,2574,1121,2397,261,1945,2344,4699,3163,1390,43435,55320,60774,11320,18381,32907,17210
TEST FAILED.
TEST FAILED.
