Day,Mahama sim,Mahama data,Mahama error,Nduta sim,Nduta data,Nduta error,Nyarugusu sim,Nyarugusu data,Nyarugusu error,Nakivale sim,Nakivale data,Nakivale error,Lusenda sim,Lusenda data,Lusenda error,Total error,refugees in camps (UNHCR),refugees in camps (simulation),raw UNHCR refugee count
0,0,0.0,0.0,0,0.0,0.0,0,210.0,1.0,0,0.0,0.0,0,0.0,0.0,0
1,0,773,1.0,0,11,1.0,0,3801,1.0,0,186,1.0,490,78,5.28205128205,1.0688801814807176,4849,4639,1795
2,0,1547,1.0,0,22,1.0,0,5596,1.0,0,373,1.0,787,156,4.04487179487,1.0617364179880426,7694,7484,3590
3,0,2321,1.0,0,33,1.0,0,7392,1.0,0,560,1.0,1187,233,4.09442060086,1.0684125628617516,10539,10329,5385
4,0,3094,1.0,0,44,1.0,0,9188,1.0,0,747,1.0,1631,312,4.22756410256,1.0752334703025774,13385,13175,7180
5,0,3868,1.0,0,55,1.0,0,10983,1.0,0,934,1.0,2122,390,4.44102564103,1.082686383240912,16230,16020,8975
6,0,4642,1.0,0,66,1.0,0,12779,1.0,0,1120,1.0,2653,467,4.68094218415,1.090122680088078,19074,18864,10770
7,0,5415,1.0,0,77,1.0,2,14574,0.999862769315,0,1307,1.0,3207,546,4.87362637363,1.096400383229162,21919,21709,12565
8,0,6189,1.0,2,88,0.977272727273,3,16370,0.999816737935,0,1494,1.0,3793,624,5.07852564103,1.1025641025641026,24765,24555,14360
9,0,6963,1.0,3,99,0.969696969697,5,18166,0.999724760542,0,1681,1.0,4378,702,5.23646723647,1.1074209554163197,27611,27401,16155
10,0,7736,1.0,3,110,0.972727272727,7,19961,0.999649316167,0,1868,1.0,5001,780,5.41153846154,1.1126580200295517,30455,30245,17950
11,0,8510,1.0,4,121,0.96694214876,14,21757,0.999356528933,0,2055,1.0,5643,858,5.57692307692,1.117383862346476,33301,33091,19745
12,3,9284,0.999676863421,9,132,0.931818181818,15,23552,0.999363111413,0,2241,1.0,6306,935,5.74438502674,1.1219842850818946,36144,35934,21540
13,4,10057,0.999602267078,12,143,0.916083916084,20,25348,0.999210983115,0,2428,1.0,6990,1014,5.89349112426,1.1263400872018465,38990,38780,23335
14,4,10831,0.999630689687,15,154,0.902597402597,30,27144,0.998894783378,0,2615,1.0,7689,1092,6.04120879121,1.1304139975141028,41836,41626,25130
15,5,11605,0.999569151228,21,166,0.873493975904,43,29159,0.998525326657,1,2802,0.999643112063,8423,1170,6.19914529915,1.1339138568437932,44902,44692,27145
16,10,12378,0.999192115043,33,177,0.813559322034,53,31175,0.998299919808,1,2989,0.999665439946,9175,1248,6.35176282051,1.137219338295078,47967,47757,29160
17,12,13152,0.999087591241,44,188,0.765957446809,70,33190,0.997890931003,3,3175,0.99905511811,9992,1326,6.53544494721,1.1413062648194234,51031,50821,31175
18,17,13926,0.998779261812,61,199,0.693467336683,90,35206,0.997443617565,5,3362,0.998512790006,10796,1404,6.68945868946,1.1444627243654917,54097,53887,33190
19,25,14699,0.998299204027,78,210,0.628571428571,107,37222,0.997125355972,8,3549,0.9977458439,11626,1482,6.84480431849,1.1477205136279347,57162,56952,35205
20,37,15473,0.997608737801,91,221,0.588235294118,129,39610,0.996743246655,10,3736,0.997323340471,12583,1560,7.06602564103,1.1517491749174917,60600,60390,37593
21,43,16247,0.997353357543,104,232,0.551724137931,149,41999,0.996452296483,16,3923,0.995921488657,13548,1638,7.27106227106,1.1555302237698901,64039,63829,39981
22,54,17020,0.996827262045,120,243,0.506172839506,165,44387,0.996282695384,20,4110,0.995133819951,14502,1716,7.45104895105,1.1587379216313949,67476,67266,42369
23,61,17794,0.996571878161,139,254,0.452755905512,189,46776,0.995959466393,23,4296,0.994646182495,15461,1794,7.61817168339,1.1616182982203795,70914,70704,44757
24,67,18568,0.996391641534,159,265,0.4,223,49165,0.995464253026,27,4483,0.993977247379,16451,1871,7.7926242651,1.164528190230256,74352,74142,47145
25,82,19341,0.995760301949,186,276,0.326086956522,257,49602,0.994818757308,33,4670,0.992933618844,17241,1950,7.84153846154,1.1685544376903705,75839,75629,47582
26,95,20115,0.995277156351,212,287,0.261324041812,293,50039,0.994144567238,40,4857,0.991764463661,18047,2028,7.89891518738,1.1726586141789308,77326,77116,48019
27,110,20889,0.994734070563,235,298,0.211409395973,329,50477,0.993482180003,49,5044,0.990285487708,18850,2106,7.95061728395,1.1765549267896567,78814,78604,48456
28,125,21662,0.99422952636,267,309,0.135922330097,376,50914,0.992614997839,56,5230,0.989292543021,19599,2184,7.9739010989,1.179416929227014,80299,80089,48893
29,134,22436,0.994027455874,305,320,0.046875,419,51351,0.991840470487,64,5417,0.98818534244,20290,2262,7.96993810787,1.181498055901988,81786,81576,49330
30,156,23210,0.993278759156,354,332,0.066265060241,473,51789,0.990866786383,68,5604,0.987865810136,21044,2340,7.99316239316,1.1844130891624136,83275,83065,49767
31,174,23984,0.992745163442,392,343,0.142857142857,536,51921,0.989676624102,73,5791,0.98739423243,21675,2418,7.96401985112,1.186627514593225,84457,84247,68770
32,194,24212,0.991987444243,433,354,0.223163841808,606,52053,0.988358019711,84,5978,0.985948477752,22316,2496,7.94070512821,1.1899686225658985,85093,84883,68916
33,214,24441,0.991244220777,481,365,0.317808219178,663,52185,0.98729519977,91,6165,0.985239253852,22919,2574,7.90404040404,1.1930945993234574,85730,85520,69062
34,232,24670,0.990595865424,530,376,0.409574468085,730,52317,0.986046600531,100,6351,0.984254448118,23503,2652,7.86236802413,1.195852534562212,86366,86156,69208
35,252,24899,0.989879111611,577,387,0.490956072351,776,52449,0.985204675018,114,6538,0.982563475069,24074,2730,7.81831501832,1.1985563716193695,87003,86793,69354
36,278,25127,0.988936204083,640,398,0.608040201005,838,52581,0.98406268424,123,6725,0.981710037175,24601,2808,7.76103988604,1.200709729686555,87639,87429,69500
37,305,25356,0.987971288847,702,409,0.716381418093,917,52713,0.982603911749,143,6912,0.979311342593,25126,2886,7.70616770617,1.2024672617699035,88276,88066,69646
38,338,25585,0.986789134258,751,420,0.788095238095,980,52845,0.981455199167,158,7099,0.977743344133,25647,2964,7.6528340081,1.2041771169570255,88913,88703,69792
39,373,25814,0.985550476486,814,431,0.888631090487,1065,52977,0.979896936406,173,7285,0.976252573782,26154,3042,7.59763313609,1.2055969357558431,89549,89339,69938
40,401,26042,0.984601797097,883,442,0.997737556561,1148,53109,0.978384078028,195,7472,0.973902569593,26695,3120,7.55608974359,1.2074624383212287,90185,89975,70084
41,423,26271,0.983898595409,956,453,1.11037527594,1221,53269,0.977078601063,207,7659,0.972972972973,27214,3198,7.50969355847,1.2093230599889928,90850,90640,72933
42,461,26500,0.982603773585,1020,464,1.19827586207,1329,53429,0.975125867974,221,7846,0.971832781035,27705,3276,7.45695970696,1.2101731956509862,91515,91305,75782
43,500,26729,0.981293725916,1088,475,1.29052631579,1411,53590,0.973670460907,236,8033,0.970621187601,28166,3354,7.3977340489,1.2109870797669802,92181,91971,78631
44,527,26958,0.980451072038,1154,487,1.36960985626,1513,53750,0.971851162791,257,8220,0.968734793187,28619,3432,7.33886946387,1.2115092571650135,92847,92637,81480
45,556,27024,0.979425695678,1215,498,1.43975903614,1599,53910,0.970339454647,274,8304,0.967003853565,29063,3510,7.28005698006,1.2126954507431955,93246,93036,81885
46,594,27091,0.978073899081,1280,509,1.51473477407,1711,54071,0.968356420262,299,8389,0.964358087972,29475,3588,7.21488294314,1.2131065265675722,93648,93438,82290
47,625,27158,0.976986523308,1367,520,1.62884615385,1816,54231,0.966513617673,316,8474,0.962709464244,29880,3666,7.15057283142,1.2139097704388138,94049,93839,82695
48,671,27224,0.975352630032,1460,531,1.74952919021,1934,54392,0.964443300485,339,8559,0.960392569225,30263,3743,7.08522575474,1.214200256222935,94449,94239,83100
49,711,27291,0.973947455205,1532,542,1.82656826568,2035,54429,0.962611842951,361,8627,0.95815463081,30640,3822,7.0167451596,1.214726906061598,94711,94501,83137
50,756,27358,0.972366401053,1601,553,1.89511754069,2136,54466,0.960782873719,381,8695,0.956181713629,30999,3900,6.94846153846,1.2150212694267783,94972,94762,83174
51,787,27424,0.971302508751,1684,564,1.98581560284,2223,54504,0.959214002642,410,8764,0.953217708809,31369,3977,6.8876037214,1.2157970451419151,95233,95023,83211
52,821,27491,0.970135680768,1769,575,2.07652173913,2350,54541,0.956913147907,436,8832,0.950634057971,31696,4056,6.81459566075,1.2156762134143149,95495,95285,83248
53,869,27558,0.968466507003,1839,586,2.13822525597,2465,54579,0.954836109126,462,8901,0.948095719582,32048,4134,6.75229801645,1.215658221767372,95758,95548,83285
54,920,27625,0.966696832579,1924,597,2.22278056951,2579,55197,0.953276446184,492,8969,0.945144386219,32418,4212,6.69658119658,1.2146273291925467,96600,96390,96733
55,981,27841,0.964764196688,1995,608,2.28125,2697,55816,0.951680521714,510,9038,0.943571586634,32772,4290,6.63916083916,1.2129558472431425,97593,97383,97212
56,1023,28057,0.963538510889,2076,619,2.35379644588,2833,56435,0.949800655622,529,9070,0.941675854465,33180,4368,6.59615384615,1.2120467990542776,98549,98339,98449
57,1062,28274,0.962438989885,2165,630,2.43650793651,2952,57054,0.94825954359,552,9103,0.939360650335,33556,4446,6.54745838956,1.21107057794929,99507,99297,99686
58,1098,28490,0.96146016146,2246,641,2.50390015601,3078,57782,0.946730815825,575,9135,0.937055281883,33946,4524,6.50353669319,1.2099093186970529,100572,100362,98408
59,1143,28707,0.960183927265,2333,653,2.57274119449,3200,58510,0.945308494274,599,9168,0.934664048866,34370,4602,6.46849196002,1.2090810704447068,101640,101430,97130
60,1179,28980,0.959316770186,2408,664,2.6265060241,3342,59238,0.943583510584,631,9201,0.931420497772,34798,4680,6.43547008547,1.2079153002539824,102763,102553,106660
61,1234,29254,0.957817734327,2496,675,2.69777777778,3472,59415,0.941563578221,666,9232,0.927859618718,35183,4758,6.39449348466,1.2074922097276792,103334,103124,106353
62,1279,29410,0.956511390683,2573,686,2.75072886297,3598,59593,0.939623781317,703,9264,0.924114853195,35549,4836,6.35090984285,1.2071317769705845,103789,103579,106659
63,1329,29441,0.954858870283,2648,697,2.79913916786,3710,59771,0.937929765271,732,9296,0.921256454389,35871,4914,6.29975579976,1.2067442061487337,104119,103909,110197
64,1375,29472,0.953345548317,2731,708,2.85734463277,3843,59949,0.935895511185,763,9328,0.918203259005,36215,4992,6.25460737179,1.2064643988932398,104449,104239,113735
65,1423,29504,0.951769251627,2815,719,2.91515994437,3971,60127,0.933956458829,796,9360,0.914957264957,36542,5070,6.20749506903,1.2060412292422218,104780,104570,117273
66,1477,29563,0.950038899976,2908,730,2.98356164384,4092,60305,0.932144929939,829,9392,0.911733390119,36855,5148,6.15909090909,1.2055298750214005,105138,104928,117374
67,1539,29623,0.948047125544,3017,741,3.07152496626,4209,60483,0.930410197907,862,9424,0.908531409168,37194,5226,6.11710677382,1.2053802477795577,105497,105287,118646
68,1583,29719,0.946734412329,3104,752,3.12765957447,4341,60661,0.928438370617,887,9456,0.906197123519,37523,5304,6.07447209653,1.204963547765648,105892,105682,120445
69,1646,29816,0.944794741079,3193,763,3.18479685452,4473,60839,0.926478081494,921,9488,0.902930016863,37838,5382,6.03047194352,1.2041716844799037,106288,106078,122244
70,1685,29866,0.94358132994,3282,774,3.24031007752,4601,61482,0.925165088969,962,9555,0.899319727891,38164,5460,5.98974358974,1.2028244210683516,107137,106927,122887
71,1719,29916,0.942539109507,3363,785,3.28407643312,4724,62126,0.923960982519,992,9623,0.896913644394,38424,5538,5.93824485374,1.2010038152387301,107988,107778,123530
72,1778,29966,0.940666088233,3447,796,3.33040201005,4875,62770,0.922335510594,1045,9691,0.892167990919,38780,5616,5.90527065527,1.199423000946352,108839,108629,124173
73,1840,30016,0.938699360341,3540,808,3.38118811881,4999,64363,0.922331152992,1082,9759,0.889127984425,39126,5694,5.87144362487,1.196502169197397,110640,110430,125766
74,1910,30066,0.93647309253,3620,819,3.42002442002,5135,65099,0.921120140094,1114,9827,0.886638852142,39496,5772,5.84268884269,1.1951462140290188,111583,111373,126502
75,1977,30116,0.93435383185,3708,830,3.46746987952,5281,67153,0.921358688368,1152,9895,0.883577564426,39859,5850,5.8135042735,1.1914637574224378,113844,113634,128556
76,2031,30166,0.93267254525,3788,841,3.50416171225,5412,69322,0.921929546176,1197,9963,0.879855465221,40251,5928,5.78997975709,1.1881001548786783,116220,116010,130725
77,2084,30216,0.931029917924,3864,852,3.53521126761,5544,69406,0.920122179639,1241,10030,0.876271186441,40645,6006,5.7673992674,1.1881726890395674,116510,116300,131178
78,2142,30266,0.929227516025,3952,863,3.57937427578,5680,69491,0.918262796621,1276,10098,0.873638344227,40951,6084,5.73093359632,1.187590965908118,116802,116592,131631
79,2203,30316,0.92733210186,4043,874,3.62585812357,5810,69575,0.916492993173,1326,10166,0.869565217391,41263,6162,5.69636481662,1.1869881205537478,117093,116883,132084
80,2257,30367,0.925675898179,4130,885,3.66666666667,5966,69660,0.914355440712,1372,10234,0.865937072503,41578,6240,5.66314102564,1.186248786056259,117386,117176,132537
81,2321,30647,0.924266649264,4251,896,3.74441964286,6092,69745,0.912653236791,1417,10302,0.862453892448,41903,6318,5.63232035454,1.1857041082878177,117908,117698,131371
82,2374,30701,0.92267352855,4338,907,3.78280044101,6222,71835,0.913384840259,1471,10370,0.858148505304,42286,6396,5.61131957473,1.1826069595454582,120209,119999,134280
83,2437,30756,0.920763428274,4412,918,3.80610021786,6352,73925,0.914075076091,1518,10438,0.854569840966,42726,6474,5.59962928638,1.1799593505889268,122511,122301,137189
84,2474,30810,0.919701395651,4515,929,3.86006458558,6486,74360,0.912775685853,1553,10444,0.851302183072,43117,6552,5.58073870574,1.1799991876193183,123095,122885,137624
85,2538,30865,0.917770937956,4593,940,3.88617021277,6635,74795,0.911290861689,1596,10450,0.847272727273,43459,6630,5.55490196078,1.1790346054333765,123680,123470,138059
86,2608,30920,0.915653298836,4670,951,3.91062039958,6783,75230,0.909836501396,1651,10456,0.842100229533,43830,6708,5.53398926655,1.1781676256387559,124265,124055,138494
87,2659,30974,0.914153806418,4752,962,3.93970893971,6927,77166,0.91023248581,1695,10462,0.837985088893,44185,6786,5.51119952844,1.1753858330035616,126350,126140,140430
88,2742,31029,0.91163105482,4850,974,3.9794661191,7058,77874,0.90936641241,1742,10468,0.833588077952,44582,6864,5.49504662005,1.1746260091660181,127209,126999,142620
89,2807,31084,0.909696306782,4932,985,4.00710659898,7197,78582,0.908414140643,1786,10474,0.829482528165,44949,6942,5.47493517718,1.1736356750763273,128067,127857,144810
90,2867,31114,0.907854984894,5020,996,4.04016064257,7313,79290,0.907768949426,1857,10480,0.822805343511,45333,7020,5.45769230769,1.172878200155159,128900,128690,147254
91,2914,31145,0.906437630438,5096,1007,4.06057596822,7456,79478,0.90618787589,1913,10489,0.817618457432,45718,7098,5.44096928712,1.1727404288909353,129217,129007,147442
92,2957,31176,0.905151398512,5186,1018,4.09430255403,7597,79667,0.904640566357,1976,10498,0.811773671175,46061,7176,5.41875696767,1.1723781217431581,129535,129325,147630
93,3015,31206,0.903383964622,5264,1029,4.1156462585,7764,79992,0.902940294029,2027,10507,0.807080993623,46332,7254,5.38709677419,1.1709696279656583,129988,129778,152162
94,3087,31237,0.901174888754,5348,1040,4.14230769231,7921,80318,0.901379516422,2089,10516,0.801350323317,46615,7332,5.35774686307,1.1695913157471078,130443,130233,156694
95,3144,31268,0.899449916848,5420,1051,4.15699333968,8070,80429,0.899663056858,2166,10525,0.794204275534,46860,7208,5.50110987791,1.1715345529234142,130481,130271,156957
96,3220,31299,0.89712131378,5508,1062,4.18644067797,8186,80540,0.898361062826,2229,10535,0.788419553868,47132,7084,5.65330321852,1.1740193073858411,130520,130310,157220
97,3288,31329,0.895049315331,5607,1073,4.22553588071,8313,80626,0.896894302086,2299,10527,0.781609195402,47373,6960,5.80646551724,1.1763322223499215,130515,130310,158477
98,3352,31360,0.893112244898,5692,1084,4.25092250923,8439,80712,0.895443056795,2364,10519,0.775263808347,47604,6837,5.96270293989,1.1785199828368274,130512,130310,159734
99,3422,31391,0.890987862763,5781,1095,4.27945205479,8564,80798,0.894007277408,2426,10511,0.769194177528,47812,6713,6.1223000149,1.1805636436080547,130508,130310,160991
100,3498,31422,0.888676723315,5861,1106,4.29927667269,8692,80884,0.892537461055,2498,10504,0.762185833968,48021,6589,6.28805585066,1.1823991417953335,130505,130310,162248
101,3569,32524,0.890265649982,5940,1117,4.31781557744,8847,80970,0.890737310115,2549,10496,0.757145579268,48258,6465,6.46450116009,1.1829340589183108,131572,131362,160324
102,3632,32794,0.889248033177,6040,1129,4.34986713906,8990,81204,0.889291167923,2624,10488,0.749809305873,48544,6342,6.65436770735,1.1848784073599734,131957,131732,160545
103,3709,32878,0.887189001764,6130,1140,4.37719298246,9131,81438,0.88787789484,2680,10481,0.744299208091,48746,6218,6.83949823094,1.1864477318300481,132155,131915,161851
104,3759,33431,0.887559450809,6231,1151,4.4135534318,9287,81673,0.886290450945,2737,10473,0.738661319584,49005,6094,7.04151624549,1.1879432624113475,132822,132567,162171
105,3821,33977,0.88754157224,6331,1162,4.44836488812,9437,81860,0.884717810897,2805,10465,0.731963688485,49240,5970,7.24790619765,1.189187163691413,133434,133164,161735
106,3903,34523,0.886944935261,6419,1173,4.47229326513,9582,82048,0.883214703588,2883,10458,0.724325874928,49472,5847,7.46109115786,1.1901021268342173,134049,133764,161299
107,3989,35070,0.88625605931,6501,1184,4.49070945946,9715,82235,0.88186295373,2960,10450,0.716746411483,49706,5723,7.68530491001,1.1910635517072374,134662,134362,160863
108,4061,35710,0.886278353402,6588,1195,4.5129707113,9862,82423,0.88034893173,3017,10442,0.711070676116,49945,5599,7.92034291838,1.1921045438763676,135369,135054,162360
109,4123,36231,0.886202423339,6688,1206,4.5456053068,10018,82622,0.878749001477,3071,10435,0.705701964542,50180,5475,8.16529680365,1.193382315086527,135969,135639,162560
110,4185,36753,0.886131744347,6785,1217,4.57518488085,10176,82821,0.877132611294,3140,10432,0.699003067485,50429,5352,8.42245889387,1.194581731649277,136575,136230,164116
111,4255,37643,0.886964375847,6868,1228,4.59283387622,10312,83021,0.875790462654,3202,10430,0.693000958773,50710,5228,8.69969395562,1.1955434387495456,137550,137190,161855
112,4313,38334,0.887488913236,6948,1239,4.60774818402,10458,83220,0.874333093006,3260,10428,0.687380130418,50985,5104,8.98922413793,1.196754021326586,138325,137950,163477
113,4392,39025,0.887456758488,7031,1250,4.6248,10608,83419,0.872834725902,3322,10426,0.681373489354,51245,4980,9.29016064257,1.1976563623292595,139100,138710,165099
114,4457,39717,0.887781050935,7103,1261,4.63283108644,10738,83619,0.87158420933,3380,10424,0.675748273216,51543,4857,9.61210623842,1.1989948383591416,139878,139473,166721
115,4529,40157,0.887217670643,7194,1272,4.65566037736,10868,84736,0.871742824773,3456,10422,0.668393782383,51840,4733,9.95288400592,1.199341919048967,141320,140900,165356
116,4598,41176,0.88833300952,7292,1283,4.68355416991,11012,85505,0.871212209812,3531,10420,0.66113243762,52168,4609,10.3187242352,1.1995552229829431,142993,142558,168539
117,4664,42172,0.889405292611,7356,1295,4.68030888031,11160,85978,0.870199353323,3590,10441,0.656163202758,52512,4485,10.708361204,1.200137146656877,144371,143921,168107
118,4720,42268,0.888331598372,7444,1306,4.69984686064,11289,86370,0.86929489406,3661,10462,0.650066908813,52799,4362,11.1043099496,1.2019576149425288,144768,144303,168499
119,4793,42364,0.886861486168,7520,1317,4.7099468489,11425,86782,0.868348274988,3731,10483,0.644090432128,53051,4238,11.5179329873,1.2032730879435751,145184,144704,168911
120,4862,42460,0.885492227979,7603,1328,4.72515060241,11575,87229,0.867303305093,3800,10504,0.638233054075,53303,4114,11.956490034,1.2045181446767603,145635,145140,169358
121,4939,42557,0.883943887022,7681,1339,4.73637042569,11708,87677,0.866464409138,3871,10525,0.632209026128,53560,3990,12.4235588972,1.2058006133289525,146088,145578,169805
122,5011,42653,0.882517056245,7773,1350,4.75777777778,11845,88125,0.865588652482,3955,10546,0.62497629433,53825,3867,12.9190587018,1.207129745259006,146541,146016,170252
123,5088,42749,0.880979672039,7869,1361,4.78177810434,11986,88135,0.864004084643,4033,10567,0.618340115454,54106,3743,13.4552497996,1.209204735423561,146555,146016,170262
124,5148,42845,0.879845956354,7955,1372,4.79810495627,12124,88394,0.862841369324,4106,10588,0.612202493389,54334,3619,14.0135396518,1.2106621803866011,146818,146278,170397
125,5218,42942,0.878487261888,8051,1383,4.82140274765,12267,88654,0.861630608884,4188,10610,0.605278039585,54552,3496,14.6041189931,1.2119318761260496,147085,146544,170532
126,5272,43038,0.877503601468,8134,1394,4.8350071736,12394,88913,0.860605310809,4258,10618,0.598982859296,54750,3372,15.2366548043,1.2133098041877355,147335,146793,170964
127,5335,43134,0.876315667455,8234,1405,4.86049822064,12526,89173,0.859531472531,4330,10626,0.592508940335,54956,3248,15.9199507389,1.2147425907606413,147586,147043,171396
128,5402,43230,0.875040481147,8314,1416,4.87146892655,12662,89433,0.858419151767,4399,10634,0.586326876058,55193,3124,16.6674135723,1.2162110973572244,147837,147293,171828
129,5485,43327,0.873404574515,8409,1427,4.89278206027,12804,89654,0.857184286256,4473,10642,0.579684269874,55399,3001,17.46017994,1.217425076493911,148051,147506,168566
130,5548,43430,0.872254202164,8503,1438,4.91307371349,12933,89875,0.856100139082,4543,10650,0.573427230047,55631,2877,18.3364615919,1.2190598232953396,148270,147724,169008
131,5610,43534,0.871135204668,8585,1450,4.92068965517,13043,90145,0.855310888014,4606,10658,0.567836367048,55864,2753,19.2920450418,1.220708226740272,148540,147993,168154
132,5666,43567,0.869947437281,8665,1461,4.93086926762,13169,90385,0.854301045527,4678,10666,0.561410088131,56051,2629,20.3202738684,1.2220660623503778,148708,148160,168394
133,5734,43600,0.868486238532,8748,1472,4.94293478261,13293,90447,0.853029951242,4758,10674,0.554243957279,56247,2506,21.4449321628,1.2236329766844432,148699,148160,168819
134,5806,43633,0.866935576284,8829,1483,4.95347269049,13454,90510,0.851353441609,4840,10682,0.546901329339,56423,2382,22.6872376154,1.2247763803887282,148690,148160,169244
135,5872,43667,0.865527744063,8920,1494,4.97054886212,13594,90573,0.849911121416,4907,10690,0.540972871843,56589,2258,24.0615589017,1.2262008851105044,148682,148160,169669
136,5949,43716,0.86391710129,8980,1505,4.96677740864,13742,90998,0.848985691993,4984,10698,0.534118526827,56780,2134,25.6073102156,1.2268149827911252,149051,148502,168778
137,6024,43741,0.862280240507,9083,1516,4.99142480211,13892,91423,0.848046990363,5068,10706,0.526620586587,56970,2011,27.329189458,1.2276819480980208,149397,148821,169931
138,6091,43779,0.860869366591,9172,1527,5.00654878847,14016,91517,0.846848126578,5145,10734,0.520681945221,57145,1887,29.2835188129,1.2290958486121892,149444,148841,170025
139,6161,43817,0.859392473241,9246,1538,5.01170351105,14165,91612,0.845380517836,5225,10763,0.514540555607,57301,1763,31.5019852524,1.2300709732228265,149493,148863,170119
140,6231,43856,0.857921379059,9317,1549,5.01484828922,14292,91987,0.844630219488,5304,10792,0.50852483321,57477,1639,34.0683343502,1.2308791040093978,149823,149166,170494
141,6304,43894,0.85638128218,9388,1560,5.01794871795,14440,92442,0.843793946475,5387,10820,0.502125693161,57660,1516,37.0343007916,1.231408754459769,150232,149548,170414
142,6375,43932,0.854889374488,9471,1571,5.02864417568,14585,92898,0.842999849297,5434,10849,0.499124343257,57836,1392,40.5488505747,1.232252625429827,150642,149931,170334
143,6459,43971,0.853107730095,9539,1582,5.02970922882,14729,93354,0.842224221779,5513,10878,0.493197278912,58042,1268,44.7744479495,1.2328983866589873,151053,150315,170254
144,6517,44010,0.851920018178,9623,1593,5.04080351538,14848,93810,0.84172263085,5588,10907,0.48766846979,58233,1144,49.902972028,1.233910368140284,151464,150699,170515
145,6580,44050,0.850624290579,9717,1604,5.05798004988,14979,94266,0.841098593342,5668,10929,0.481379815171,58406,1021,56.2047012733,1.234713900046092,151870,151078,170589
146,6663,44090,0.848877296439,9790,1616,5.05816831683,15095,94722,0.84063892232,5740,10952,0.475894813733,58566,897,64.2909698997,1.235308024192754,152277,151458,170663
147,6725,44124,0.847588613906,9877,1627,5.07068223725,15214,95177,0.840150456518,5824,10974,0.469291051576,58743,773,74.9935316947,1.2361683314229572,152675,151829,170701
148,6789,44159,0.846260105528,9957,1638,5.07875457875,15334,95633,0.839657858689,5887,10997,0.464672183323,58914,649,89.7765793529,1.2370521832292456,153076,152203,170739
149,6843,44193,0.845156472745,10033,1649,5.08429351122,15461,96089,0.839097087076,5968,11019,0.458390053544,59095,526,111.347908745,1.2378612942740232,153476,152576,170777
150,6915,44228,0.843651080763,10101,1660,5.08493975904,15586,96545,0.838562328448,6040,11042,0.452997645354,59254,402,146.39800995,1.2384371933427347,153877,152950,170815
151,6968,44330,0.842815249267,10181,1671,5.09275882705,15717,97001,0.83797074257,6112,11064,0.447577729573,59450,278,212.848920863,1.2393095941533199,154344,153390,170923
152,7015,44182,0.841224933231,10261,1682,5.10047562426,15855,97457,0.837312866187,6180,11087,0.442590421214,59626,155,383.683870968,1.2404391736702833,154563,153582,167406
153,7080,44035,0.839218803225,10354,1693,5.11577082103,15959,97913,0.837008364569,6253,11110,0.437173717372,59797,488,121.534836066,1.235102004006725,155239,154231,173588
154,7143,43887,0.837241096452,10438,1704,5.12558685446,16083,98682,0.837021949292,6330,11149,0.432236074984,60005,822,71.998783455,1.2293528071477944,156244,155209,174357
155,7201,43740,0.835368084134,10523,1715,5.13586005831,16189,99087,0.83661832531,6397,11189,0.428277772813,60245,1156,51.1150519031,1.2246138940766285,156887,155825,173855
156,7263,43593,0.83339068199,10606,1726,5.14484356895,16319,99492,0.835976761951,6481,11229,0.422833734081,60428,1490,39.555704698,1.2192534755284707,157530,156441,173353
157,7345,43786,0.832252318093,10690,1737,5.15428900403,16443,99898,0.835402110152,6548,11269,0.418936906558,60639,1824,32.2450657895,1.213678287091361,158514,157398,174769
158,7411,43879,0.83110371704,10776,1748,5.1647597254,16552,100154,0.834734508856,6643,11309,0.412591741091,60869,2158,27.2062094532,1.2086494021902945,159248,158105,175021
159,7470,43973,0.830123030041,10842,1759,5.1637293917,16669,100411,0.833992291681,6711,11325,0.407417218543,61076,2492,23.5088282504,1.203588397099275,159960,158790,175906
160,7527,44067,0.829191912315,10915,1771,5.16318464145,16776,100668,0.83335320062,6777,11342,0.40248633398,61268,2826,20.6801132343,1.1985946699528238,160674,159477,176791
161,7582,44161,0.828310047327,10989,1848,4.94642857143,16901,100925,0.832539014119,6848,11359,0.397130029052,61485,3160,18.457278481,1.1927929490316067,161453,160229,178737
162,7629,44255,0.82761269913,11079,3375,2.28266666667,17013,100643,0.830956946832,6919,11376,0.391789732771,61710,3494,16.6617057813,1.1685024794198955,163143,161892,180494
163,7697,44349,0.826444790187,11161,4902,1.27682578539,17143,100362,0.829188338216,6986,11393,0.386816466251,61992,3827,15.1985889731,1.1448071684674792,164833,163555,182251
164,7763,44443,0.825326823122,11227,6430,0.746034214619,17257,100080,0.827567945643,7044,11410,0.382646801052,62286,4161,13.9689978371,1.1217061804905,166524,165219,184008
165,7816,44484,0.824296376225,11309,6855,0.649744711889,17398,99799,0.825669595888,7116,11427,0.377264373851,62582,4495,12.9225806452,1.112899557045373,167060,165728,184241
166,7890,44523,0.822788221818,11391,7280,0.564697802198,17511,99517,0.824040113749,7194,11456,0.372032122905,62815,4829,12.007869124,1.1037737537662957,167605,166246,184291
167,7950,44626,0.821852731591,11468,7705,0.488384166126,17634,99236,0.822302390262,7254,11486,0.368448546056,63059,5163,11.2136354832,1.0948364008179958,168216,166830,184428
168,8010,44627,0.82051224595,11532,8130,0.418450184502,17732,98954,0.820805626857,7316,11516,0.364709968739,63307,5497,10.516645443,1.086099191579147,168724,167311,184430
169,8066,44629,0.819265500011,11626,8555,0.358971361777,17843,98673,0.81917039109,7371,11546,0.361597089901,63564,5831,9.90104613274,1.0776321542952363,169234,167794,184432
170,8137,44631,0.817682776545,11708,8980,0.303786191537,17968,98391,0.817381671088,7443,11576,0.35703178991,63802,6165,9.34906731549,1.0687627766682573,169743,168276,184434
171,8207,44633,0.81612259987,11773,9405,0.25178096757,18086,98110,0.815655896443,7528,11606,0.351369981044,64029,6499,8.85213109709,1.0597522510616553,170253,168759,184436
172,8265,44715,0.815162697082,11843,9830,0.20478128179,18210,97828,0.813856973464,7607,11636,0.346253007906,64265,6833,8.40509293136,1.0509242457943597,170842,169321,184532
173,8330,44765,0.813917122752,11927,10255,0.163042418333,18329,97547,0.812100833444,7679,11665,0.341705957994,64494,7166,8.0,1.042246700661618,171398,169850,184628
174,8387,44781,0.812710747862,12003,10680,0.123876404494,18451,97265,0.810301752943,7738,11695,0.338349722103,64722,7500,7.6296,1.033672442575369,171921,170346,184741
175,8447,44839,0.811614888824,12085,11105,0.0882485366952,18560,96984,0.808628227336,7822,11725,0.332878464819,64979,7834,7.2944855757,1.0252598746572206,172487,170885,184920
176,8503,44857,0.810442071472,12158,11530,0.0544666088465,18697,96702,0.806653430126,7888,11755,0.328966397278,65195,8168,6.98175808031,1.0165826647862577,173012,171383,184975
177,8566,44876,0.809118459756,12225,11955,0.0225846925972,18822,96421,0.804793561569,7961,11785,0.324480271532,65381,8502,6.69007292402,1.0077388944271892,173539,171883,185030
178,8628,44895,0.807818242566,12296,12380,0.00678513731826,18918,96139,0.803222417541,8036,11815,0.319847651291,65640,8836,6.42870076958,1.00051704822911,174065,172382,185085
179,8725,45153,0.806768099573,12359,12805,0.0348301444748,19040,95858,0.801372864028,8100,11845,0.316167159139,65880,9170,6.18429661941,0.99608765035949,174831,173121,186071
180,8812,45154,0.804845639367,12439,13230,0.0597883597884,19146,95576,0.799677743367,8164,11851,0.311112986246,66100,9504,5.95496632997,0.9916207968513818,175315,173578,189442
181,8898,45155,0.802945410254,12514,13655,0.0835591358477,19262,95295,0.797869772811,8245,11858,0.304688817676,66309,9838,5.74008944908,0.9869966609973777,175801,174037,192813
182,8959,45157,0.80160329517,12576,14080,0.106818181818,19396,95013,0.795859513961,8333,11864,0.297623061362,66527,10172,5.54020841526,0.9825227187638269,176286,174495,196184
183,9026,45158,0.800124009035,12646,14505,0.128162702516,19518,94732,0.793966136047,8401,11871,0.292308988291,66759,10506,5.35436893204,0.9782544746905618,176772,174954,199555
184,9097,45159,0.798556212494,12743,14930,0.146483590087,19626,94450,0.792207517205,8487,11877,0.285425612528,66948,10538,5.35300816094,0.9769375091831776,176954,175109,199572
185,9156,45161,0.797258696663,12813,15355,0.165548681211,19744,94169,0.790334398794,8551,11884,0.280461124201,67114,10570,5.34947965941,0.9757817307312336,177139,175267,199589
186,9211,45254,0.796459981438,12884,15780,0.183523447402,19838,93887,0.788703441371,8617,11891,0.275334286435,67302,10603,5.34744883524,0.9748950201504946,177415,175516,199744
187,9254,45348,0.795933668519,12943,16205,0.201295896328,19963,93606,0.786733756383,8685,11913,0.270964492571,67526,10635,5.34941231782,0.9741765940565087,177707,175781,200134
188,9323,45393,0.794615909942,13019,16630,0.217137702946,20079,93324,0.784846341777,8756,11936,0.266420911528,67681,10668,5.34430071241,0.9728464577327467,177951,175998,200185
189,9374,45451,0.793755912961,13097,17055,0.232072705951,20190,93043,0.783003557495,8811,11959,0.263232711765,67832,10700,5.33943925234,0.97171844137188,178208,176228,200257
190,9427,45510,0.792858712371,13157,17480,0.247311212815,20325,92761,0.78088851996,8879,11982,0.25897179102,68013,10733,5.33681170223,0.9706330617596629,178466,176459,200329
191,9487,45569,0.791810221861,13256,17905,0.259648142977,20449,92480,0.778881920415,8975,12005,0.252394835485,68214,10765,5.33664653971,0.9693214117857702,178724,176690,200401
192,9547,45591,0.790594634906,13337,18330,0.272394980906,20554,92198,0.777066747652,9050,12028,0.247588959095,68397,10798,5.33422856084,0.968219285255246,178945,176884,202147
193,9601,45613,0.789511761998,13421,18755,0.284404158891,20667,91917,0.775155847123,9128,12051,0.242552485271,68589,10830,5.33324099723,0.9671366219037094,179166,177078,203893
194,9663,45635,0.788254629122,13486,19240,0.299064449064,20759,91566,0.773289212153,9189,12081,0.239384156941,68760,10863,5.32974316487,0.9662011873902501,179385,177270,203902
195,9733,45658,0.786828157169,13559,19725,0.312598225602,20864,91216,0.771268198562,9253,12112,0.236046895641,68920,10895,5.32583754016,0.9650401434250526,179606,177464,204009
196,9804,45682,0.785385928812,13631,20210,0.325531914894,20960,90866,0.769330662734,9336,12142,0.231098665788,69104,10928,5.32357247438,0.9639488844896235,179828,177659,204047
197,9868,45707,0.78410309143,13722,20695,0.336941290167,21082,90515,0.767088327901,9412,12173,0.226813439579,69253,10960,5.31870437956,0.9625048597611775,180050,177854,204085
198,9934,45732,0.782777923555,13800,21181,0.348472687786,21194,90165,0.764942050685,9508,12203,0.220847332623,69425,10993,5.31538251615,0.9611868600019969,180274,178051,204123
199,9987,45803,0.7819575137,13868,21666,0.359918766731,21317,89815,0.762656571842,9585,12234,0.216527709662,69547,11025,5.30811791383,0.9597879729482727,180543,178293,204272
200,10050,45875,0.780926430518,13939,22151,0.370728183829,21446,89464,0.760283465975,9655,12265,0.212800652263,69678,11058,5.30113944655,0.9583658254660893,180813,178536,204421
201,10116,45947,0.779833286178,14025,22636,0.380411733522,21573,89114,0.757916825639,9734,12303,0.20881085914,69800,11090,5.29395852119,0.9567728753658402,181090,178786,205194
202,10168,46019,0.779047784611,14113,23122,0.389628924833,21686,88764,0.755689243387,9813,12341,0.204845636496,69948,11123,5.28859120741,0.9554609663172868,181369,179038,205967
203,10223,46036,0.777934659831,14168,23498,0.397055068516,21795,88564,0.753906779278,9882,12379,0.201712577753,70062,11155,5.28077095473,0.9542151162790697,181632,179274,205973
204,10278,46054,0.776827202849,14239,23874,0.403577113178,21905,88365,0.752107734963,9983,12417,0.196021583313,70208,11188,5.27529495888,0.9528691904254033,181898,179513,205979
205,10325,46072,0.775894252474,14304,24250,0.410144329897,22013,88165,0.750320421936,10062,12455,0.192131674026,70328,11220,5.26809269162,0.9516035177479386,182162,179750,205985
206,10377,46090,0.774853547407,14365,24627,0.416697121046,22139,87966,0.748323215788,10126,12493,0.189466101017,70463,11252,5.26226448631,0.9504023505163681,182428,179989,205991
207,10417,46108,0.774073913421,14427,25003,0.422989241291,22251,87766,0.746473577467,10204,12531,0.185699465326,70614,11285,5.25733274258,0.9493412446015994,182693,180227,206090
208,10475,46161,0.773076839757,14516,25379,0.428031049293,22357,87567,0.74468692544,10267,12569,0.183149017424,70773,11317,5.25368914023,0.948216598449121,182993,180500,206163
209,10541,46194,0.7718101918,14588,25756,0.433607703059,22471,87368,0.742800567714,10323,12607,0.181169191719,70921,11350,5.24854625551,0.9470631564588733,183275,180755,207401
210,10599,46227,0.770718411318,14669,26128,0.438571647275,22573,87219,0.741191712815,10392,12645,0.178173190985,71053,11382,5.24257599719,0.9458390749505722,183601,181054,207458
211,10654,46260,0.769693039343,14733,26501,0.444058714765,22696,87070,0.739336166303,10448,12683,0.176220137192,71188,11415,5.23635567236,0.9446906143131317,183929,181355,207515
212,10715,46293,0.768539520014,14821,26873,0.448479886875,22808,86922,0.73760382872,10512,12721,0.173649870293,71307,11447,5.22931772517,0.9433234195901354,184256,181655,207572
213,10776,46327,0.767392665184,14882,27246,0.453791382221,22920,86773,0.735862537886,10561,12759,0.172270554119,71465,11480,5.22517421603,0.9423896849689845,184585,181957,207629
214,10830,46433,0.766760708979,14961,27619,0.458307686737,23024,86625,0.734210678211,10629,12798,0.169479606188,71616,11512,5.22098679639,0.9413364182347949,184987,182332,209686
215,10884,46631,0.766593038965,15044,27885,0.460498475883,23131,86684,0.733157214711,10713,12817,0.164156979012,71774,11545,5.21689042876,0.9402463866524396,185562,182880,210223
216,10948,46399,0.764046638936,15129,28292,0.465255195815,23247,86450,0.731093117409,10776,12837,0.160551530731,71911,11577,5.21154012266,0.9388698768559187,185555,182880,210410
217,10990,46167,0.761951177248,15230,28699,0.469319488484,23342,86217,0.729264530197,10853,12857,0.155868398538,72008,11610,5.20223944875,0.9373376448396659,185550,182880,210597
218,11063,45935,0.75915968216,15307,29107,0.474112756382,23474,85984,0.726995720134,10924,12877,0.151665760659,72140,11642,5.19652980588,0.9357999407151903,185545,182880,210784
219,11117,45703,0.756755574032,15382,29514,0.478823609135,23573,85751,0.72509941575,10997,12896,0.147254962779,72224,11675,5.18620985011,0.9342725788109238,185539,182880,210971
220,11175,45471,0.754238965494,15438,29922,0.484058552236,23677,85518,0.723134310905,11075,12916,0.142536388975,72350,11707,5.18006321005,0.9330095831491803,185534,182880,211158
221,11236,45240,0.751635720601,15508,30022,0.48344547332,23782,85572,0.722081989436,11138,12936,0.138991960421,72464,11740,5.17240204429,0.9316478896016387,185510,182880,209928
222,11291,45098,0.749634130117,15591,30222,0.484117530276,23887,85625,0.721027737226,11205,12956,0.135149737573,72581,11772,5.16556235134,0.9303237412009285,185673,182964,209456
223,11346,45120,0.748537234043,15664,30423,0.485126384643,24006,85678,0.71981138682,11275,12976,0.131088162762,72698,11805,5.15823803473,0.9290168922914808,186002,183214,210216
224,11402,45143,0.747424849921,15740,30600,0.485620915033,24097,85726,0.718906749411,11342,13014,0.128477024743,72796,11837,5.14986905466,0.9277640618291112,186320,183453,210441
225,11454,45166,0.746402160918,15804,31344,0.495788667688,24211,85168,0.715726563968,11418,13052,0.125191541526,72962,11870,5.14675652906,0.9267684887459807,186600,183654,210627
226,11521,45189,0.745048573768,15887,32088,0.504892794814,24303,84610,0.712764448647,11477,13090,0.123223834989,73073,11902,5.13955637708,0.9255186511057957,186879,183854,210813
227,11578,45212,0.743917544015,15965,32239,0.504792332268,24400,84652,0.711761092473,11545,13128,0.120581962218,73191,11934,5.13298139769,0.9243181150321909,187165,184061,211233
228,11629,46075,0.747607162235,16031,32788,0.511071123582,24511,84254,0.709082061386,11597,13166,0.119170590916,73325,11967,5.12726664995,0.9236281540504648,188250,185067,212106
229,11676,45989,0.746113200983,16106,33337,0.516873143954,24610,83857,0.706524201915,11669,13204,0.116252650712,73507,11999,5.12609384115,0.9227543448026924,188386,185124,212701
230,11738,45903,0.744286865782,16177,34335,0.528848114169,24708,83912,0.705548670035,11724,13237,0.114300823449,73637,12032,5.12009640957,0.922003600483584,189419,186078,213754
231,11807,45818,0.742306517089,16259,34717,0.531670363223,24813,83687,0.703502336086,11823,13270,0.109042954032,73792,12064,5.11671087533,0.920667243453122,189556,186136,213911
232,11868,45732,0.740488060876,16349,35099,0.534203253654,24919,83463,0.701436564705,11881,13303,0.106893181989,73914,12097,5.11010994461,0.9193596001982139,189694,186195,214068
233,11931,45647,0.738624663176,16421,35481,0.537188918012,25056,83239,0.698987253571,11953,13336,0.103704259148,74024,12129,5.10305878473,0.9178484133338952,189832,186254,214225
234,11993,45561,0.736770483528,16492,35481,0.535187847017,25149,83254,0.697924424052,12032,13369,0.100007479991,74140,12162,5.09603683605,0.9165029210807736,189827,186254,214406
235,12039,45476,0.735266953998,16570,35741,0.536386782687,25268,83270,0.696553380569,12092,13402,0.0977466049843,74241,12194,5.08832212564,0.9152159845962027,190083,186426,214587
236,12098,45476,0.733969566365,16663,36226,0.540026500304,25415,83302,0.694905284387,12149,13435,0.0957201339784,74382,12227,5.08342193506,0.9140014475575089,190666,186925,215104
237,12153,45476,0.732760137215,16732,36926,0.546877538862,25508,83222,0.693494508664,12221,13468,0.0925898425898,74513,12259,5.07822824048,0.9131491343133822,191351,187526,215724
238,12215,45476,0.73139678072,16802,37063,0.546663788684,25603,83259,0.692489700813,12290,13501,0.0896970594771,74652,12292,5.0732183534,0.9120939918889718,191591,187682,215898
239,12275,45476,0.730077403466,16887,37200,0.546048387097,25710,83296,0.691341721091,12368,13534,0.0861533914585,74761,12324,5.06629341123,0.9107178230725121,191830,187837,216072
240,12321,45476,0.729065880904,16958,37338,0.545824629064,25827,83334,0.690078479372,12431,13567,0.0837325864229,74843,12357,5.05672897953,0.9093673205881128,192072,187995,216246
241,12367,45476,0.728054358343,17014,37452,0.545711844494,25929,83390,0.689063436863,12503,13600,0.0806617647059,74935,12389,5.04851077569,0.9081884694784901,192307,188146,216515
242,12415,45565,0.727532097004,17088,37562,0.545072147383,26035,83424,0.687919543537,12579,13633,0.0773124037263,75046,12422,5.04137819997,0.9069862828779996,192606,188361,216659
243,12473,45655,0.726798817216,17178,37841,0.546047937422,26137,83364,0.686471378533,12646,13666,0.0746377872091,75158,12454,5.03484824153,0.9057726189242409,192980,188651,216965
244,12526,45517,0.724806116396,17261,38121,0.547204952651,26235,83304,0.685069144339,12714,13699,0.0719030586174,75267,12487,5.02762873388,0.90450374880908,193128,188715,217294
245,12584,45379,0.722691112629,17329,38401,0.548735710008,26326,83244,0.683748978905,12778,13732,0.0694727643461,75365,12519,5.02004952472,0.9032984090027163,193275,188778,217623
246,12634,45241,0.720740036692,17403,38631,0.549506872719,26436,83313,0.682690576501,12860,13765,0.065746458409,75492,12552,5.01434034417,0.9020940352037705,193502,188921,217923
247,12674,45103,0.718998736226,17484,38862,0.550100355103,26526,83383,0.68187760095,12918,13798,0.0637773590375,75592,12584,5.00699300699,0.9010065555154081,193730,189065,218223
248,12727,44965,0.716957633715,17555,38994,0.549802533723,26620,83427,0.68091864744,12970,13831,0.0622514641024,75695,12617,4.99944519299,0.8998576101199995,193834,189085,217487
249,12790,45018,0.715891421209,17642,39280,0.550865580448,26722,83349,0.679396273501,13037,13864,0.0596508944028,75792,12649,4.99193612143,0.8985527400082406,194160,189327,218195
250,12854,45071,0.714805529054,17730,39567,0.551899310031,26814,83272,0.677995004323,13100,13902,0.0576895410732,75915,12681,4.98651525905,0.8974513221555531,194493,189576,218719
251,12911,45090,0.713661565757,17802,39831,0.553061685622,26930,83288,0.676664105273,13170,13940,0.0552367288379,76039,12714,4.98072990404,0.8963271631864438,194863,189862,218999
252,12975,45109,0.712363386464,17874,40095,0.554208754209,27029,83305,0.675541684173,13246,13978,0.0523680068679,76132,12746,4.97301114075,0.895079213042877,195233,190148,219279
253,13011,45128,0.711686757667,17952,40267,0.554175876028,27145,83335,0.67426651467,13314,14017,0.0501533851751,76247,12779,4.96658580484,0.8939629512187638,195526,190357,219554
254,13071,45148,0.710485514308,18015,40440,0.554525222552,27262,83366,0.672984190197,13372,14055,0.0485948061188,76338,12811,4.95878541878,0.8927382289858032,195820,190567,219829
255,13115,45236,0.710076045627,18085,40505,0.55351191211,27336,83397,0.672218425123,13432,14093,0.0469027176613,76421,12844,4.94993771411,0.891699604743083,196075,190738,219848
256,13152,45298,0.709656055455,18154,40570,0.552526497412,27439,83429,0.671109566218,13501,14131,0.0445828320713,76512,12876,4.94221808015,0.8905473143695493,196304,190883,220183
257,13212,45360,0.70873015873,18216,40635,0.551716500554,27546,83461,0.669953631037,13566,14170,0.0426252646436,76617,12909,4.93516151522,0.8893784822041876,196535,191030,220518
258,13251,45422,0.70826912069,18289,40815,0.55190493691,27654,83439,0.668572250387,13628,14245,0.0433134433134,76709,12941,4.9275944672,0.888271987483618,196862,191273,220704
259,13306,45431,0.707116286236,18369,40996,0.551931895795,27729,83418,0.667589728836,13676,14320,0.0449720670391,76778,12974,4.91783567134,0.8871354729404126,197139,191466,220831
260,13356,45441,0.706080411963,18450,41177,0.551934332273,27853,83396,0.666015156602,13733,14396,0.0460544595721,76892,13006,4.91204059665,0.8859666896300199,197416,191659,220958
261,13397,45450,0.705236523652,18509,41358,0.552468688041,27934,83375,0.66495952024,13796,14471,0.0466450141663,77011,13039,4.90620446353,0.8851603243412767,197693,191852,221085
262,13459,45460,0.703937527497,18569,41474,0.552273713652,28032,83372,0.663772009787,13863,14546,0.0469544892067,77082,13071,4.89717695662,0.8838790842903553,197923,191998,221187
263,13508,45545,0.703414205731,18648,41591,0.551633766921,28135,83370,0.662528487466,13928,14622,0.0474627273971,77174,13104,4.88934676435,0.8826980507687961,198232,192223,221788
264,13548,45631,0.70309657908,18715,41708,0.551285125156,28226,83368,0.6614288456,13990,14678,0.0468728709633,77233,13136,4.87949147381,0.8815339435122732,198521,192428,222314
265,13603,45657,0.702061020216,18763,41797,0.55109218365,28331,83339,0.660051116524,14051,14734,0.0463553685354,77291,13169,4.86916242691,0.8802441921327052,198696,192519,222491
266,13653,45683,0.701136090012,18823,41887,0.550624298708,28418,83310,0.658888488777,14109,14790,0.0460446247465,77388,13201,4.86228316037,0.8792332718194207,198871,192610,222668
267,13715,45709,0.699949681682,18887,41977,0.550063129809,28499,83281,0.657797096577,14168,14846,0.0456688670349,77480,13234,4.85461689587,0.8781343099870885,199047,192702,222845
268,13759,45735,0.699158193943,18949,42067,0.549551905294,28589,83252,0.656596838514,14229,14903,0.0452257934644,77551,13266,4.84584652495,0.8769870948635449,199223,192794,223022
269,13809,45762,0.698243083781,19003,42157,0.549232630405,28681,83223,0.655371712147,14282,14959,0.0452570358981,77638,13299,4.83788254756,0.8759528585757271,199400,192887,223199
270,13857,45817,0.697557675099,19078,42474,0.550831096671,28772,82907,0.652960546154,14341,15015,0.0448884448884,77731,13331,4.83084539794,0.8748195886621497,199544,192947,223275
271,13911,45579,0.694793654973,19131,42791,0.552920006543,28893,82591,0.650167693817,14400,15071,0.0445225930595,77783,13363,4.82077377834,0.8732265101933349,199395,192947,223048
272,13972,45644,0.693891858733,19194,43108,0.554746218799,28993,82275,0.647608629596,14458,15128,0.0442887361185,77848,13396,4.81128695133,0.8719074321852559,199551,192947,224600
273,14018,45759,0.69365589283,19255,43224,0.554529890801,29079,82150,0.646025562995,14483,15168,0.0451608649789,77922,13428,4.80294906166,0.8709801781413816,199729,193048,224717
274,14059,45874,0.693530104198,19306,43340,0.554545454545,29174,82025,0.644327948796,14545,15208,0.0435954760652,77987,13461,4.79355174207,0.8698451287592293,199908,193150,224834
275,14092,45989,0.693578899302,19376,43457,0.554133971512,29260,81900,0.642735042735,14599,15248,0.0425629590766,78054,13493,4.78477729193,0.8687620884915062,200087,193252,224951
276,14136,46104,0.693388859969,19414,43573,0.554448855943,29344,81775,0.641161724243,14659,15289,0.0412060958859,78147,13526,4.77753955345,0.8678863716937888,200267,193355,225068
277,14184,46219,0.693113221835,19489,43689,0.553915173156,29414,81650,0.639755052051,14725,15329,0.0394024398199,78216,13558,4.76899247677,0.8667365112624411,200445,193456,225185
278,14228,46334,0.692925281651,19551,43806,0.553691275168,29527,81525,0.637816620669,14781,15369,0.0382588327152,78269,13591,4.75888455596,0.8654205607476636,200625,193559,225302
279,14276,46449,0.692652156128,19607,44073,0.555124452613,29615,81566,0.636919795013,14841,15410,0.0369240752758,78349,13623,4.75122953828,0.8645790345115627,201121,193978,225710
280,14314,46564,0.692595137875,19653,44340,0.556765899865,29701,81607,0.636048378203,14910,15504,0.0383126934985,78442,13656,4.74414176919,0.8638971394003104,201671,194451,226326
281,14365,46679,0.69225990274,19704,44572,0.557928744503,29781,81204,0.633256982415,14950,15599,0.0416052311046,78536,13688,4.73758036236,0.8629933281121432,201742,194451,226479
282,14397,46794,0.692332350301,19770,44804,0.558744754933,29875,80801,0.630264476925,15017,15693,0.0430765309374,78602,13721,4.72859121055,0.861758162259121,201813,194516,226632
283,14426,46909,0.692468396257,19831,45037,0.559673157626,29947,80398,0.627515609841,15074,15788,0.0452242209273,78644,13753,4.71831600378,0.8606137157292518,201885,194582,226785
284,14473,47024,0.692220993535,19887,45269,0.560692747797,30048,79995,0.624376523533,15133,15883,0.0472202984323,78711,13786,4.70948788626,0.8593661026852251,201957,194648,226938
285,14531,47139,0.691741445512,19948,45502,0.561601687838,30147,79592,0.621230776963,15178,15914,0.0462485861506,78750,13818,4.6990881459,0.8579456836580596,201965,194650,226410
286,14566,47167,0.691182394471,19999,45734,0.562710456116,30229,79189,0.618267688694,15240,15945,0.0442144873001,78798,13851,4.68897552523,0.8566616803542594,201886,194650,226443
287,14615,47196,0.690333926604,20066,45967,0.563469445472,30302,78787,0.615393402465,15290,15976,0.0429394091137,78845,13883,4.67924800115,0.8553384635967672,201809,194650,226476
288,14664,47224,0.689479925462,20105,46199,0.56481742029,30392,78384,0.612267809757,15353,16007,0.0408571250078,78897,13916,4.66951710262,0.854017746492837,201730,194650,226509
289,14722,47253,0.688443061816,20172,46431,0.565548878982,30465,77981,0.60932791321,15413,16038,0.0389699463774,78961,13948,4.66109836536,0.8526811173760607,201651,194650,226542
290,14775,47282,0.687513218561,20229,46664,0.566496656952,30536,77578,0.606383252984,15477,16069,0.0368411226585,79001,13981,4.65059723911,0.8512804230704357,201574,194650,226575
291,14799,47299,0.687118120891,20282,46896,0.567511088366,30633,77175,0.603070942663,15507,16100,0.0368322981366,79047,14013,4.64097623635,0.850111423792578,201483,194650,226603
292,14846,47364,0.686555189595,20346,47129,0.56829128562,30717,76772,0.599893190226,15572,16132,0.0347136126953,79084,14046,4.63035739712,0.8486470118097923,201443,194650,230595
293,14896,47430,0.685937170567,20409,47361,0.569075821879,30813,76369,0.596524767903,15635,16163,0.0326672028708,79129,14167,4.58544504835,0.8463546577993946,201490,194650,230738
294,14924,47442,0.685426415413,20456,47594,0.570197924108,30913,75967,0.593073308147,15688,16194,0.0312461405459,79176,14288,4.54143337066,0.8442514331091645,201485,194650,231350
295,14957,47455,0.684817195238,20502,47651,0.569746699964,31019,75939,0.591527410158,15732,16225,0.0303852080123,79244,14409,4.49961829412,0.8424030265917621,201679,194650,231379
296,14979,47468,0.684440043819,20548,47792,0.57005356545,31102,75960,0.590547656661,15784,16256,0.0290354330709,79284,14530,4.4565726084,0.840653247923329,202006,194685,231541
297,15027,47481,0.683515511468,20596,47897,0.569993945341,31203,75965,0.589245047061,15830,16287,0.0280591883097,79341,14651,4.41539826633,0.838754010510132,202281,194685,232868
298,15046,47494,0.683202088685,20645,47972,0.569644792796,31277,75996,0.588438865203,15881,16318,0.0267802426768,79376,14772,4.37340915245,0.836994944508077,202552,194939,233208
299,15071,47507,0.682762540257,20693,48047,0.569317543239,31374,76027,0.587330816684,15925,16350,0.025993883792,79426,14805,4.36480918609,0.8360084050193355,202736,195106,234108
300,15098,47520,0.682281144781,20737,48186,0.569646785373,31463,76063,0.586356046961,15966,16413,0.0272345092305,79476,14839,4.35588651526,0.8351599095660055,203021,195374,234284
301,15129,47533,0.68171586056,20795,48326,0.569693332782,31541,76100,0.585532194481,16019,16476,0.0277373148823,79535,14873,4.34760976266,0.8342662364491313,203308,195644,234460
302,15166,47546,0.681024691877,20862,48441,0.569331764414,31650,76066,0.583913969448,16064,16540,0.0287787182588,79588,14907,4.33896826994,0.833081081081081,203500,195819,234662
303,15199,47559,0.680418007107,20898,48556,0.569610346816,31733,76032,0.582636258418,16118,16603,0.0292115882672,79652,14941,4.33110233585,0.8322066267041744,203691,195993,234864
304,15227,47572,0.679916757757,20945,48671,0.569661605473,31833,75998,0.581133714045,16155,16666,0.0306612264491,79696,14975,4.32193656093,0.8312062859889544,203882,196167,235066
305,15249,47585,0.679541872439,20983,48786,0.569897101628,31913,75964,0.579893107261,16198,16730,0.0317991631799,79765,15009,4.31447797988,0.8304732596999128,204074,196342,235268
306,15284,47598,0.678894071179,21024,48988,0.570833673553,31987,75986,0.579040875951,16257,16793,0.0319180610969,79818,15043,4.30598949678,0.8296544166568823,204408,196659,235492
307,15322,47611,0.678183613031,21047,49056,0.570959719504,32054,76106,0.578824271411,16306,16857,0.032686717684,79887,15077,4.29860051734,0.8290434621190287,204707,196941,235681
308,15363,47624,0.677410549303,21100,49125,0.57048346056,32149,76227,0.578246553059,16357,16921,0.0333313633946,79946,15111,4.29058301899,0.8280798798095684,205008,197225,235870
309,15410,47637,0.676511954993,21147,49223,0.570383763688,32217,76288,0.577692428691,16401,16985,0.0343832793641,80039,15145,4.28484648399,0.8274242734243319,205278,197478,236140
310,15443,47650,0.675907660021,21208,49322,0.570009326467,32296,76350,0.577000654879,16451,17049,0.0350753709895,80070,15179,4.27505105738,0.8263877402091948,205550,197733,236410
311,15470,47721,0.675824060686,21238,49421,0.570263653103,32390,76412,0.576113699419,16481,17113,0.0369309881377,80131,15213,4.26727141261,0.8257528657470371,205880,198046,236891
312,15505,47792,0.67557331771,21287,49555,0.570436888306,32466,76363,0.574846457054,16528,17177,0.0377830820283,80210,15247,4.26070702433,0.8250167366858451,206134,198283,237354
313,15543,47863,0.675260639743,21336,49690,0.570617830549,32542,76314,0.573577587337,16582,17255,0.0390031874819,80288,15281,4.25410640665,0.8242418957088802,206403,198535,237925
314,15584,47934,0.674886301999,21380,49825,0.570898143502,32622,76265,0.572254638432,16622,17333,0.0410200196158,80351,15315,4.24655566438,0.8234545560114578,206672,198787,238496
315,15610,47956,0.674493285512,21414,49960,0.571377101681,32703,76216,0.570916867849,16690,17411,0.0414106024927,80444,15355,4.23894496907,0.8227000744328123,206898,198996,238839
316,15652,47978,0.673767143274,21448,50033,0.571322926868,32774,76250,0.57017704918,16731,17490,0.0433962264151,80502,15396,4.22876071707,0.8218897691011697,207147,199228,238889
317,15666,48000,0.673625,21505,50106,0.570809883048,32884,76285,0.568932293374,16801,17568,0.0436589253188,80565,15436,4.21929256284,0.8208105306299573,207395,199459,238939
318,15699,48022,0.673087334971,21549,50180,0.570565962535,32944,76320,0.568343815514,16858,17646,0.0446560126941,80658,15477,4.21147509207,0.8201449589443521,207645,199692,238989
319,15725,48091,0.673015740991,21594,50253,0.570294310787,33041,76355,0.56727129854,16897,17725,0.0467136812412,80732,15517,4.20280982149,0.8193766501074824,207941,199971,239657
320,15755,48160,0.672861295681,21636,50327,0.57009160093,33140,76390,0.56617358293,16937,17748,0.0456952896101,80790,15558,4.1928268415,0.8184577991478651,208183,200196,240313
321,15778,48188,0.672574084834,21682,50464,0.570347178186,33214,76342,0.564931492494,16980,17771,0.0445107197119,80864,15598,4.18425439159,0.8176931604939457,208363,200359,240398
322,15801,48217,0.672294004189,21716,50601,0.570838520978,33292,76295,0.563641129825,17008,17795,0.0442259061534,80904,15639,4.17322079417,0.8168710170848777,208547,200526,240483
323,15834,48246,0.67180698918,21758,50739,0.571177989318,33359,76247,0.562487704434,17066,17818,0.0422045122909,80951,15679,4.1630206008,0.8159144153423817,208729,200691,240568
324,15870,48275,0.671258415329,21802,50876,0.571467882695,33438,76200,0.561181102362,17115,17841,0.0406927862788,81009,15720,4.15324427481,0.8149651527916061,208912,200857,240653
325,15893,48318,0.671074961712,21846,51014,0.571764613635,33528,76153,0.559728441427,17172,17865,0.0387909319899,81050,15760,4.14276649746,0.8139304672182105,209110,201038,241103
326,15933,48362,0.670547123775,21904,51207,0.572245981995,33600,76078,0.558348011252,17215,17888,0.0376229874776,81125,15801,4.1341687235,0.8130804066190239,209336,201247,241181
327,15980,48406,0.669875635252,21936,51401,0.57323787475,33649,76004,0.557273301405,17259,17911,0.0364022109318,81163,15841,4.12360330787,0.8122617065035336,209563,201457,241259
328,16013,48409,0.669214402281,21987,51595,0.573854055626,33733,75929,0.555729694847,17296,17935,0.0356286590466,81224,15882,4.11421735298,0.8113516090584029,209750,201627,241359
329,16046,48413,0.668560097494,22019,51789,0.574832493387,33809,75855,0.554294377431,17337,17958,0.0345806882726,81290,15922,4.10551438262,0.810586032952743,209937,201797,241459
330,16082,48417,0.667843939112,22054,51983,0.575745916934,33884,75781,0.552869452765,17386,17981,0.0330904844002,81341,15963,4.0955960659,0.8096799524092801,210125,201968,241559
331,16120,48421,0.667086594659,22108,52176,0.576280282122,33951,75706,0.551541489446,17417,18005,0.0326575951125,81397,16004,4.08604098975,0.808822130929286,210312,202138,241659
332,16163,48292,0.665306883128,22157,52370,0.576914263892,34038,75632,0.5499524011,17468,18028,0.0310627912137,81455,16030,4.08140985652,0.8077936031033696,210352,202161,241858
333,16191,48164,0.663836060128,22198,52564,0.577695761358,34110,75557,0.548552748256,17511,18052,0.0299689785065,81485,16057,4.07473376098,0.8068433510461325,210394,202186,242057
334,16239,48036,0.661941044217,22228,52758,0.578680010615,34168,75483,0.547341785568,17558,18084,0.0290864852909,81545,16084,4.06994528724,0.806049086459645,210445,202220,242833
335,16261,47908,0.660578609001,22270,52952,0.579430427557,34219,75409,0.546221273323,17599,18117,0.0285919302313,81600,16111,4.06486251629,0.8053606464700209,210497,202255,243609
336,16282,47927,0.660275001565,22309,53276,0.581256100308,34309,75403,0.544991578584,17656,18150,0.027217630854,81629,16137,4.05849910144,0.8046355260724632,210893,202634,243613
337,16305,47946,0.659929921161,22351,53601,0.583011510979,34391,75397,0.543867793148,17691,18182,0.0270047299527,81671,16164,4.05264785944,0.8040844337166927,211290,203014,243617
338,16329,47965,0.65956426561,22402,53926,0.584578867337,34452,75391,0.543022376676,17725,18215,0.0269009058468,81709,16191,4.04656908159,0.8035741279619062,211688,203395,243621
339,16361,47985,0.659039283109,22428,54251,0.586588265654,34516,75385,0.542137029913,17777,18248,0.0258110477861,81791,16218,4.04322357874,0.803255267885349,212087,203777,244968
340,16390,48004,0.658570119157,22464,54007,0.584053918936,34585,75379,0.541185210735,17818,18281,0.0253268420765,81854,16245,4.03871960603,0.8023131806942373,211916,203777,244707
341,16426,48023,0.657955562959,22497,53764,0.581560151774,34648,75373,0.540312844122,17852,18313,0.0251733741058,81923,16271,4.03490873333,0.8014489194499018,211744,203777,244446
342,16445,48043,0.657702474866,22543,53857,0.581428597954,34726,75308,0.538880331439,17888,18346,0.0249645699335,81956,16298,4.02859246533,0.8006060834922493,211852,203777,244486
343,16477,48071,0.657236171496,22596,53950,0.581167747915,34789,75244,0.537650842592,17922,18379,0.0248653354372,82004,16325,4.02321592649,0.7998292203105171,211969,203777,244493
344,16497,48100,0.657027027027,22634,54044,0.581193101917,34858,75179,0.536333284561,17982,18411,0.0233012872739,82046,16352,4.01749021526,0.7990013485095668,212086,203777,244500
345,16533,48129,0.656485694696,22665,54137,0.581339933871,34933,75115,0.534939759036,18016,18444,0.0232053784429,82080,16379,4.01129495085,0.7981894780494241,212204,203877,244507
346,16573,48158,0.6558619544,22709,54230,0.581246542504,35021,75051,0.533370641297,18074,18477,0.0218109000379,82143,16405,4.00719292899,0.7972692291388982,212321,203976,244894
347,16624,48187,0.65501068753,22747,54324,0.581271629482,35110,74604,0.529381802584,18118,18510,0.0211777417612,82161,16432,4.00006085686,0.7958001857991012,212057,203976,245588
348,16645,48216,0.654782644765,22780,54417,0.581380818494,35191,74157,0.52545275564,18150,18510,0.0194489465154,82186,16459,3.99337748344,0.7945872430451598,211759,203976,245707
349,16672,48245,0.654430510934,22808,54510,0.581581361218,35247,73710,0.521815221815,18180,18510,0.0178282009724,82227,16486,3.9876865219,0.7935694998132043,211461,203976,245826
350,16713,48258,0.653674002238,22849,54604,0.581550802139,35319,73263,0.517914909299,18231,18510,0.0150729335494,82271,16513,3.9821958457,0.7922452497774073,211148,203976,245597
351,16738,48272,0.653256546238,22866,54730,0.582203544674,35383,73147,0.516275445336,18272,18510,0.0128579146407,82321,16539,3.97738678276,0.7915889355012832,211198,203976,245591
352,16759,48286,0.652922172058,22898,54856,0.582579845413,35457,73032,0.514500492935,18305,18510,0.0110750945435,82337,16566,3.97024025112,0.7907029585798817,211250,203976,245585
353,16789,48300,0.652401656315,22935,54982,0.582863482594,35517,72916,0.512905260848,18343,18510,0.00902215018909,82388,16593,3.96522630025,0.7899584005754824,211301,203976,245579
354,16816,48350,0.652202688728,22975,55109,0.583098949355,35592,72801,0.511105616681,18382,18510,0.00691518098325,82421,16620,3.9591456077,0.7890912531340177,211390,203976,246932
355,16832,48400,0.652231404959,23006,55109,0.582536427807,35666,72685,0.509307284859,18421,18367,0.00294005553438,82435,16647,3.95194329309,0.7884739214423696,211208,203976,247031
356,16865,48450,0.651909184727,23027,55109,0.582155364822,35745,72570,0.50744109136,18463,18224,0.0131145741879,82449,16673,3.94506087687,0.7890354743017448,211026,203976,247130
357,16891,48444,0.651329369994,23071,55109,0.581356947141,35787,72454,0.506072818616,18501,18082,0.0231722154629,82485,16700,3.93922155689,0.7897091404200409,210789,203976,247318
358,16917,48438,0.650749411619,23109,55109,0.580667404598,35863,72339,0.504236995258,18542,17939,0.0336139138191,82510,16727,3.93274346864,0.7902228428131768,210552,203976,247506
359,16944,48433,0.65015588545,23139,55109,0.580123028906,35932,72223,0.50248535785,18564,17797,0.0430971512053,82528,16754,3.92586844933,0.7906721314593279,210316,203976,247694
360,16957,48427,0.649844095236,23178,55109,0.579415340507,35999,72108,0.500762744772,18605,17654,0.0538688116008,82555,16781,3.91955187414,0.7912975594895254,210079,203976,247882
361,16983,48422,0.649270992524,23197,55118,0.579139301136,36080,71854,0.497870682217,18648,17512,0.0648698035633,82585,16807,3.91372642351,0.7917868706279534,209713,203976,247072
362,17006,48416,0.648752478519,23226,55127,0.578681952582,36156,71601,0.495034985545,18691,17521,0.0667770104446,82622,16834,3.90804324581,0.7910013890281099,209499,203976,247409
363,17034,48411,0.648137819917,23251,55136,0.578297301219,36206,71348,0.492543589169,18731,17531,0.0684501739775,82644,16861,3.90148864243,0.7902401964766087,209287,203976,247746
364,17050,48424,0.647901866843,23277,55145,0.5778946414,36280,71095,0.48969688445,18768,17540,0.0700114025086,82662,16888,3.89471814306,0.7894084900426607,209092,203976,248083
365,17072,48437,0.647542168177,23308,55140,0.577294160319,36339,70897,0.487439524945,18789,17550,0.0705982905983,82675,16915,3.88767366243,0.7885267949018613,208939,203976,248784
366,17095,48450,0.647162022704,23329,55135,0.576874943321,36416,70699,0.484914921003,18825,17559,0.0720997778917,82692,16924,3.88607894115,0.7878544022762218,208767,203976,248826
367,17111,48463,0.646926521264,23359,55131,0.576300085251,36480,70501,0.482560531056,18866,17569,0.0738232113382,82712,16934,3.88437463092,0.7872558701425709,208598,203976,248868
368,17120,48476,0.646835547487,23377,55126,0.575935130428,36556,70303,0.480022189665,18897,17578,0.0750369780407,82723,16943,3.88242932184,0.7866149136863922,208426,203976,249303
369,17150,48489,0.646311534575,23411,55122,0.575287543993,36611,70006,0.477030540239,18917,17588,0.0755628837844,82718,16953,3.87925440925,0.7856484016948664,208158,203976,249322
370,17179,48503,0.645815722739,23439,55117,0.574741005497,36680,69710,0.473820111892,18952,17597,0.0770017616639,82716,16962,3.87654757694,0.7847505159003122,207889,203976,249411
371,17200,48518,0.645492394575,23476,55113,0.574038793025,36715,69413,0.471064498005,18976,17607,0.0777531663543,82717,16972,3.87373320764,0.7839545715070103,207623,203976,249500
372,17229,48532,0.644997115305,23521,55108,0.573183566814,36781,69117,0.46784437982,18999,17616,0.0785081743869,82739,16981,3.87244567458,0.7830425263076671,207354,203976,249589
373,17249,48547,0.644694831812,23559,55104,0.572462979094,36842,68820,0.464661435629,19020,17626,0.0790877113355,82746,16991,3.8699899947,0.7821312678668005,207088,203976,249678
374,17258,48562,0.644619249619,23587,55099,0.571916005735,36902,68524,0.461473352402,19067,17635,0.0812021548058,82778,17000,3.86929411765,0.7815878541727106,206820,203976,249767
375,17284,48622,0.644523055407,23633,55095,0.571050004538,36964,68260,0.45848227366,19099,17645,0.0824029470105,82780,17010,3.86654908877,0.780711603236672,206632,203976,249805
376,17311,48682,0.644406556838,23658,55090,0.570557269922,37069,67997,0.454843596041,19127,17654,0.0834371813753,82797,17019,3.86497444033,0.7797928716055841,206442,203976,249843
377,17333,48742,0.644392926019,23683,55086,0.570072250663,37134,67734,0.451767207016,19168,17664,0.0851449275362,82807,17029,3.8627047977,0.7791035368839543,206255,203976,249881
378,17335,48767,0.64453421371,23708,55081,0.56957934678,37192,67471,0.448770582917,19206,17673,0.0867424885418,82829,17038,3.86142739758,0.7785662282191914,206030,203976,250094
379,17357,48793,0.644272744041,23743,55077,0.568912613251,37244,67208,0.445839780978,19228,17683,0.0873720522536,82829,17048,3.85857578602,0.7777113731663824,205809,203976,250307
380,17382,48819,0.643950101395,23780,55072,0.568201626961,37309,66945,0.442691761894,19259,17692,0.0885711055844,82850,17057,3.8572433605,0.7769292506749034,205585,203976,250520
381,17398,48845,0.643812058553,23800,55068,0.567807074889,37356,66792,0.440711462451,19302,17702,0.0903852672014,82859,17067,3.8549247085,0.7764632021569638,205474,203976,250588
382,17410,48871,0.643756010722,23808,55063,0.567622541453,37413,66639,0.438572007383,19344,17712,0.0921409214092,82880,17076,3.85359568986,0.7760869882791767,205361,203976,251034
383,17421,48897,0.643720473649,23843,55059,0.566955447792,37465,66486,0.436497909334,19391,17754,0.0922045736172,82889,17086,3.85128175114,0.7752896016211845,205282,203976,251784
384,17438,48923,0.643562332645,23881,55054,0.566225887311,37535,66333,0.43414288514,19420,17796,0.0912564621263,82871,17095,3.8476747587,0.7741482741312177,205201,203976,252534
385,17459,48915,0.643074721456,23896,55050,0.565921889192,37603,66181,0.431815777942,19455,17838,0.0906491759166,82891,17105,3.84600993861,0.77327891793319,205089,203976,251675
386,17475,48908,0.642696491372,23921,55059,0.565538785666,37629,66069,0.430459065522,19500,17880,0.0906040268456,82911,17114,3.84463012738,0.7727064332048968,205030,203976,251679
387,17492,48901,0.642297703523,23947,55068,0.565137647999,37686,65958,0.428636404985,19528,17922,0.0896105345386,82914,17124,3.84197617379,0.7717992125792178,204973,203976,251683
388,17497,48894,0.642144230376,23976,55077,0.564682172232,37769,65847,0.426412744696,19562,17964,0.0889556891561,82945,17133,3.84124204751,0.7709830905497401,204915,203976,251687
389,17511,49037,0.642902298265,23990,55086,0.564499146789,37834,65736,0.424455397347,19588,18007,0.0877991892042,82964,17143,3.83952633728,0.7703369120380081,205009,203976,252033
390,17531,49181,0.643541204937,24013,55095,0.564152826935,37905,65625,0.4224,19627,18041,0.0879108696857,82978,17152,3.83780317164,0.7697153500346182,205094,203976,252529
391,17549,49325,0.644216928535,24042,55104,0.563697735192,37971,65514,0.420413957322,19660,18076,0.0876300066386,82970,17162,3.83451812143,0.768945467660261,205181,203976,253025
392,17556,49327,0.644089443915,24068,55113,0.5632972257,38019,65529,0.419814128096,19677,18110,0.0865267807841,82962,17171,3.83151825753,0.7682533495736906,205250,203976,253092
393,17563,49330,0.643969187107,24084,55122,0.563078262763,38078,65544,0.419046747223,19721,18145,0.0868558831634,82969,17181,3.82911355567,0.767745297630064,205322,203976,253159
394,17589,49333,0.643463807188,24110,55132,0.562685917435,38138,65559,0.418264464071,19748,18180,0.0862486248625,82955,17190,3.82577079697,0.766916268245421,205394,203976,253226
395,17605,49336,0.643161180477,24132,55132,0.562286875136,38192,65563,0.417476320486,19773,18214,0.0855934995059,82962,17200,3.82337209302,0.7662537418773882,205445,203976,253280
